#
# There is insufficient memory for the Java Runtime Environment to continue.
# Native memory allocation (malloc) failed to allocate 2498520 bytes. Error detail: Chunk::new
# Possible reasons:
#   The system is out of physical RAM or swap space
#   This process is running with CompressedOops enabled, and the Java Heap may be blocking the growth of the native heap
# Possible solutions:
#   Reduce memory load on the system
#   Increase physical memory or swap space
#   Check if swap backing store is full
#   Decrease Java heap size (-Xmx/-Xms)
#   Decrease number of Java threads
#   Decrease Java thread stack sizes (-Xss)
#   Set larger code cache with -XX:ReservedCodeCacheSize=
#   JVM is running with Unscaled Compressed Oops mode in which the Java heap is
#     placed in the first 4GB address space. The Java Heap base address is the
#     maximum limit for the native heap growth. Please use -XX:HeapBaseMinAddress
#     to set the Java Heap base and to place the Java Heap above 4GB virtual address.
# This output file may be truncated or incomplete.
#
#  Out of Memory Error (arena.cpp:186), pid=17808, tid=22460
#
# JRE version: OpenJDK Runtime Environment (25.0.2) (build 25.0.2+-15348964-b329.117)
# Java VM: OpenJDK 64-Bit Server VM (25.0.2+-15348964-b329.117, mixed mode, tiered, compressed oops, compressed class ptrs, g1 gc, windows-amd64)
# No core dump will be written. Minidumps are not enabled by default on client versions of Windows
#

---------------  S U M M A R Y ------------

Command Line: --add-opens=java.base/java.lang=ALL-UNNAMED --add-opens=java.base/java.lang.invoke=ALL-UNNAMED --add-opens=java.base/java.util=ALL-UNNAMED --add-opens=java.prefs/java.util.prefs=ALL-UNNAMED --add-exports=jdk.compiler/com.sun.tools.javac.api=ALL-UNNAMED --add-exports=jdk.compiler/com.sun.tools.javac.util=ALL-UNNAMED --add-opens=java.base/java.nio.charset=ALL-UNNAMED --add-opens=java.base/java.net=ALL-UNNAMED --add-opens=java.base/java.util.concurrent=ALL-UNNAMED --add-opens=java.base/java.util.concurrent.atomic=ALL-UNNAMED --add-opens=java.xml/javax.xml.namespace=ALL-UNNAMED --add-opens=java.base/java.time=ALL-UNNAMED --enable-native-access=ALL-UNNAMED -XX:+UseG1GC -Xmx2048m -Dfile.encoding=UTF-8 -Duser.country=BR -Duser.language=pt -Duser.variant -javaagent:C:\Users\Aluno\.gradle\wrapper\dists\gradle-9.5.0-bin\bvnork1r7n8i6kp5cnkibsc9q\gradle-9.5.0\lib\agents\gradle-instrumentation-agent-9.5.0.jar org.gradle.launcher.daemon.bootstrap.GradleDaemon 9.5.0

Host: 13th Gen Intel(R) Core(TM) i5-1345U, 12 cores, 15G,  Windows 11 , 64 bit Build 26100 (10.0.26100.9168)
Time: Mon Sep 28 21:55:01 2026 Hora oficial do Brasil elapsed time: 16.770129 seconds (0d 0h 0m 16s)

---------------  T H R E A D  ---------------

Current thread (0x0000017f95918560):  JavaThread "C2 CompilerThread1" daemon [_thread_in_native, id=22460, stack(0x00000040b8b00000,0x00000040b8c00000) (1024K)]


Current CompileTask:
C2:16770 12155       4       sun.reflect.annotation.AnnotationParser::annotationForMap (28 bytes)

Stack: [0x00000040b8b00000,0x00000040b8c00000]
Native frames: (J=compiled Java code, j=interpreted, Vv=VM code, C=native code)
V  [jvm.dll+0x7bd439]  (no source info available)
V  [jvm.dll+0x78763d]  (no source info available)
V  [jvm.dll+0xa0c885]  (no source info available)
V  [jvm.dll+0xa0ef04]  (no source info available)
V  [jvm.dll+0xa0f603]  (no source info available)
V  [jvm.dll+0x309bf6]  (no source info available)
V  [jvm.dll+0x10ea69]  (no source info available)
V  [jvm.dll+0x10ed92]  (no source info available)
V  [jvm.dll+0x1a9837]  (no source info available)
V  [jvm.dll+0x3bec92]  (no source info available)
V  [jvm.dll+0x7c2cb7]  (no source info available)
V  [jvm.dll+0x2ce046]  (no source info available)
V  [jvm.dll+0x2cd221]  (no source info available)
V  [jvm.dll+0x242ffa]  (no source info available)
V  [jvm.dll+0x2dcc05]  (no source info available)
V  [jvm.dll+0x2dae06]  (no source info available)
V  [jvm.dll+0x49b59e]  (no source info available)
V  [jvm.dll+0x9ab9c8]  (no source info available)
V  [jvm.dll+0x7bb985]  (no source info available)
C  [ucrtbase.dll+0x2cd30]  (no source info available)
C  [KERNEL32.DLL+0x2ccb7]  (no source info available)
C  [ntdll.dll+0xaad6c]  (no source info available)

Lock stack of current Java thread (top to bottom):


---------------  P R O C E S S  ---------------

Threads class SMR info:
_java_thread_list=0x0000017f98a1c150, length=58, elements={
0x0000017ff58ef190, 0x0000017ffead5980, 0x0000017ffead6d30, 0x0000017ffead7b90,
0x0000017ffead9f70, 0x0000017ffeb08a20, 0x0000017ffeb0d5f0, 0x0000017ffeb0e1b0,
0x0000017ffeb0f0a0, 0x0000017ffeaf7230, 0x0000017ffeef3d30, 0x0000017f93ffe0f0,
0x0000017f94091980, 0x0000017f9578a9b0, 0x0000017f940d7210, 0x0000017f94100eb0,
0x0000017f95356310, 0x0000017f940d8ac0, 0x0000017f940d9290, 0x0000017f940dd8e0,
0x0000017f940de0b0, 0x0000017f957c7660, 0x0000017f957c7e30, 0x0000017f957c66c0,
0x0000017f957cad10, 0x0000017f957cb4e0, 0x0000017f957cc480, 0x0000017f9559bff0,
0x0000017f9559a880, 0x0000017f9559c7c0, 0x0000017f9559eed0, 0x0000017f955a15e0,
0x0000017f955a0e10, 0x0000017f9559f6a0, 0x0000017f97f752f0, 0x0000017f97f77230,
0x0000017f97f77a00, 0x0000017f97f7a110, 0x0000017f97f789a0, 0x0000017f97f79940,
0x0000017f952948c0, 0x0000017f95296030, 0x0000017f95295090, 0x0000017f952940f0,
0x0000017f95298740, 0x0000017f9529a680, 0x0000017f95298f10, 0x0000017f952996e0,
0x0000017f96db2130, 0x0000017f96db1190, 0x0000017f96db30d0, 0x0000017f96db01f0,
0x0000017f96db4840, 0x0000017f988d0bb0, 0x0000017f988d1b50, 0x0000017f988cec70,
0x0000017f95918560, 0x0000017f95915500
}

Java Threads: ( => current thread )
  0x0000017ff58ef190 JavaThread "main"                              [_thread_blocked, id=21192, stack(0x00000040b7800000,0x00000040b7900000) (1024K)]
  0x0000017ffead5980 JavaThread "Common-Cleaner"             daemon [_thread_blocked, id=21788, stack(0x00000040b8000000,0x00000040b8100000) (1024K)]
  0x0000017ffead6d30 JavaThread "Reference Handler"          daemon [_thread_blocked, id=9720, stack(0x00000040b8100000,0x00000040b8200000) (1024K)]
  0x0000017ffead7b90 JavaThread "Finalizer"                  daemon [_thread_blocked, id=24008, stack(0x00000040b8200000,0x00000040b8300000) (1024K)]
  0x0000017ffead9f70 JavaThread "Signal Dispatcher"          daemon [_thread_blocked, id=23592, stack(0x00000040b8300000,0x00000040b8400000) (1024K)]
  0x0000017ffeb08a20 JavaThread "Attach Listener"            daemon [_thread_blocked, id=24808, stack(0x00000040b8400000,0x00000040b8500000) (1024K)]
  0x0000017ffeb0d5f0 JavaThread "Service Thread"             daemon [_thread_blocked, id=26820, stack(0x00000040b8500000,0x00000040b8600000) (1024K)]
  0x0000017ffeb0e1b0 JavaThread "Monitor Deflation Thread"   daemon [_thread_blocked, id=9968, stack(0x00000040b8600000,0x00000040b8700000) (1024K)]
  0x0000017ffeb0f0a0 JavaThread "C2 CompilerThread0"         daemon [_thread_in_native, id=19760, stack(0x00000040b8700000,0x00000040b8800000) (1024K)]
  0x0000017ffeaf7230 JavaThread "C1 CompilerThread0"         daemon [_thread_in_native, id=22728, stack(0x00000040b8800000,0x00000040b8900000) (1024K)]
  0x0000017ffeef3d30 JavaThread "Notification Thread"        daemon [_thread_blocked, id=28560, stack(0x00000040b8900000,0x00000040b8a00000) (1024K)]
  0x0000017f93ffe0f0 JavaThread "Daemon health stats"               [_thread_blocked, id=22036, stack(0x00000040b9100000,0x00000040b9200000) (1024K)]
  0x0000017f94091980 JavaThread "Incoming local TCP Connector on port 57123"        [_thread_in_native, id=5544, stack(0x00000040b9200000,0x00000040b9300000) (1024K)]
  0x0000017f9578a9b0 JavaThread "Daemon periodic checks"            [_thread_blocked, id=21596, stack(0x00000040b9300000,0x00000040b9400000) (1024K)]
  0x0000017f940d7210 JavaThread "Daemon"                            [_thread_blocked, id=25232, stack(0x00000040b9a00000,0x00000040b9b00000) (1024K)]
  0x0000017f94100eb0 JavaThread "Handler for socket connection from /127.0.0.1:57123 to /127.0.0.1:57124"        [_thread_in_native, id=21352, stack(0x00000040b9b00000,0x00000040b9c00000) (1024K)]
  0x0000017f95356310 JavaThread "Cancel handler"                    [_thread_blocked, id=20028, stack(0x00000040b9c00000,0x00000040b9d00000) (1024K)]
  0x0000017f940d8ac0 JavaThread "Daemon worker"                     [_thread_in_Java, id=12708, stack(0x00000040b9d00000,0x00000040b9e00000) (1024K)]
  0x0000017f940d9290 JavaThread "Asynchronous log dispatcher for DefaultDaemonConnection: socket connection from /127.0.0.1:57123 to /127.0.0.1:57124"        [_thread_blocked, id=14388, stack(0x00000040b9e00000,0x00000040b9f00000) (1024K)]
  0x0000017f940dd8e0 JavaThread "Stdin handler"                     [_thread_blocked, id=24736, stack(0x00000040b9f00000,0x00000040ba000000) (1024K)]
  0x0000017f940de0b0 JavaThread "Daemon client event forwarder"        [_thread_blocked, id=27968, stack(0x00000040ba000000,0x00000040ba100000) (1024K)]
  0x0000017f957c7660 JavaThread "Cache worker for journal cache (C:\Users\Aluno\.gradle\caches\journal-1)"        [_thread_blocked, id=21908, stack(0x00000040ba100000,0x00000040ba200000) (1024K)]
  0x0000017f957c7e30 JavaThread "File lock request listener"        [_thread_in_native, id=21176, stack(0x00000040ba200000,0x00000040ba300000) (1024K)]
  0x0000017f957c66c0 JavaThread "Cache worker for file hash cache (C:\Users\Aluno\.gradle\caches\9.5.0\fileHashes)"        [_thread_blocked, id=7072, stack(0x00000040ba300000,0x00000040ba400000) (1024K)]
  0x0000017f957cad10 JavaThread "Cache worker for file hash cache (C:\Users\Aluno\AndroidStudioProjects\IBGE\.gradle\9.5.0\fileHashes)"        [_thread_blocked, id=17200, stack(0x00000040ba400000,0x00000040ba500000) (1024K)]
  0x0000017f957cb4e0 JavaThread "Cache worker for checksums cache (C:\Users\Aluno\AndroidStudioProjects\IBGE\.gradle\9.5.0\checksums)"        [_thread_blocked, id=23756, stack(0x00000040ba500000,0x00000040ba600000) (1024K)]
  0x0000017f957cc480 JavaThread "Cache worker for Build Output Cleanup Cache (C:\Users\Aluno\AndroidStudioProjects\IBGE\.gradle\buildOutputCleanup)"        [_thread_blocked, id=14024, stack(0x00000040ba600000,0x00000040ba700000) (1024K)]
  0x0000017f9559bff0 JavaThread "Cache worker for file content cache (C:\Users\Aluno\.gradle\caches\9.5.0\fileContent)"        [_thread_blocked, id=3168, stack(0x00000040ba700000,0x00000040ba800000) (1024K)]
  0x0000017f9559a880 JavaThread "File watcher server"        daemon [_thread_in_native, id=14552, stack(0x00000040ba800000,0x00000040ba900000) (1024K)]
  0x0000017f9559c7c0 JavaThread "File watcher consumer"      daemon [_thread_blocked, id=16188, stack(0x00000040ba900000,0x00000040baa00000) (1024K)]
  0x0000017f9559eed0 JavaThread "Cache worker for cache directory md-supplier (C:\Users\Aluno\.gradle\caches\9.5.0\md-supplier)"        [_thread_blocked, id=3868, stack(0x00000040baa00000,0x00000040bab00000) (1024K)]
  0x0000017f955a15e0 JavaThread "Cache worker for cache directory md-rule (C:\Users\Aluno\.gradle\caches\9.5.0\md-rule)"        [_thread_blocked, id=13140, stack(0x00000040bab00000,0x00000040bac00000) (1024K)]
  0x0000017f955a0e10 JavaThread "jar transforms"                    [_thread_blocked, id=21780, stack(0x00000040bac00000,0x00000040bad00000) (1024K)]
  0x0000017f9559f6a0 JavaThread "jar transforms Thread 2"           [_thread_blocked, id=16836, stack(0x00000040bad00000,0x00000040bae00000) (1024K)]
  0x0000017f97f752f0 JavaThread "jar transforms Thread 3"           [_thread_blocked, id=23424, stack(0x00000040bae00000,0x00000040baf00000) (1024K)]
  0x0000017f97f77230 JavaThread "Build operations"                  [_thread_blocked, id=11460, stack(0x00000040baf00000,0x00000040bb000000) (1024K)]
  0x0000017f97f77a00 JavaThread "Build operations Thread 2"         [_thread_blocked, id=25336, stack(0x00000040bb000000,0x00000040bb100000) (1024K)]
  0x0000017f97f7a110 JavaThread "Build operations Thread 3"         [_thread_blocked, id=11044, stack(0x00000040bb100000,0x00000040bb200000) (1024K)]
  0x0000017f97f789a0 JavaThread "Build operations Thread 4"         [_thread_blocked, id=20044, stack(0x00000040bb200000,0x00000040bb300000) (1024K)]
  0x0000017f97f79940 JavaThread "Build operations Thread 5"         [_thread_blocked, id=15340, stack(0x00000040bb300000,0x00000040bb400000) (1024K)]
  0x0000017f952948c0 JavaThread "Build operations Thread 6"         [_thread_blocked, id=24148, stack(0x00000040bb400000,0x00000040bb500000) (1024K)]
  0x0000017f95296030 JavaThread "Build operations Thread 7"         [_thread_blocked, id=10448, stack(0x00000040bb500000,0x00000040bb600000) (1024K)]
  0x0000017f95295090 JavaThread "Build operations Thread 8"         [_thread_blocked, id=1920, stack(0x00000040bb600000,0x00000040bb700000) (1024K)]
  0x0000017f952940f0 JavaThread "Build operations Thread 9"         [_thread_blocked, id=11024, stack(0x00000040bb700000,0x00000040bb800000) (1024K)]
  0x0000017f95298740 JavaThread "Build operations Thread 10"        [_thread_blocked, id=12408, stack(0x00000040bb800000,0x00000040bb900000) (1024K)]
  0x0000017f9529a680 JavaThread "Build operations Thread 11"        [_thread_blocked, id=12272, stack(0x00000040bb900000,0x00000040bba00000) (1024K)]
  0x0000017f95298f10 JavaThread "Build operations Thread 12"        [_thread_blocked, id=28504, stack(0x00000040bba00000,0x00000040bbb00000) (1024K)]
  0x0000017f952996e0 JavaThread "jar transforms Thread 4"           [_thread_blocked, id=8352, stack(0x00000040bbb00000,0x00000040bbc00000) (1024K)]
  0x0000017f96db2130 JavaThread "jar transforms Thread 5"           [_thread_blocked, id=11772, stack(0x00000040bbc00000,0x00000040bbd00000) (1024K)]
  0x0000017f96db1190 JavaThread "jar transforms Thread 6"           [_thread_blocked, id=1680, stack(0x00000040bbd00000,0x00000040bbe00000) (1024K)]
  0x0000017f96db30d0 JavaThread "jar transforms Thread 7"           [_thread_blocked, id=12352, stack(0x00000040bbe00000,0x00000040bbf00000) (1024K)]
  0x0000017f96db01f0 JavaThread "jar transforms Thread 8"           [_thread_blocked, id=26760, stack(0x00000040bbf00000,0x00000040bc000000) (1024K)]
  0x0000017f96db4840 JavaThread "Configuration cache report writer"        [_thread_blocked, id=26556, stack(0x00000040b8a00000,0x00000040b8b00000) (1024K)]
  0x0000017f988d0bb0 JavaThread "build event listener"              [_thread_blocked, id=5220, stack(0x00000040bc000000,0x00000040bc100000) (1024K)]
  0x0000017f988d1b50 JavaThread "Memory manager"                    [_thread_blocked, id=10844, stack(0x00000040bc100000,0x00000040bc200000) (1024K)]
  0x0000017f988cec70 JavaThread "build event listener"              [_thread_blocked, id=22880, stack(0x00000040bc200000,0x00000040bc300000) (1024K)]
=>0x0000017f95918560 JavaThread "C2 CompilerThread1"         daemon [_thread_in_native, id=22460, stack(0x00000040b8b00000,0x00000040b8c00000) (1024K)]
  0x0000017f95915500 JavaThread "C2 CompilerThread2"         daemon [_thread_in_native, id=4076, stack(0x00000040bc300000,0x00000040bc400000) (1024K)]
Total: 58

Other Threads:
  0x0000017ffe0fde90 VMThread "VM Thread"                           [id=20604, stack(0x00000040b7f00000,0x00000040b8000000) (1024K)]
  0x0000017ffe0c2060 WatcherThread "VM Periodic Task Thread"        [id=10952, stack(0x00000040b7e00000,0x00000040b7f00000) (1024K)]
  0x0000017ff5948fe0 WorkerThread "GC Thread#0"                     [id=26784, stack(0x00000040b7900000,0x00000040b7a00000) (1024K)]
  0x0000017f937957f0 WorkerThread "GC Thread#1"                     [id=4852, stack(0x00000040b8c00000,0x00000040b8d00000) (1024K)]
  0x0000017f93795c20 WorkerThread "GC Thread#2"                     [id=13844, stack(0x00000040b8d00000,0x00000040b8e00000) (1024K)]
  0x0000017f93796050 WorkerThread "GC Thread#3"                     [id=24372, stack(0x00000040b8e00000,0x00000040b8f00000) (1024K)]
  0x0000017f93796480 WorkerThread "GC Thread#4"                     [id=19644, stack(0x00000040b8f00000,0x00000040b9000000) (1024K)]
  0x0000017f9371e910 WorkerThread "GC Thread#5"                     [id=14684, stack(0x00000040b9000000,0x00000040b9100000) (1024K)]
  0x0000017f95376320 WorkerThread "GC Thread#6"                     [id=19588, stack(0x00000040b9400000,0x00000040b9500000) (1024K)]
  0x0000017f95377460 WorkerThread "GC Thread#7"                     [id=25556, stack(0x00000040b9500000,0x00000040b9600000) (1024K)]
  0x0000017f95377d00 WorkerThread "GC Thread#8"                     [id=24200, stack(0x00000040b9600000,0x00000040b9700000) (1024K)]
  0x0000017f953778b0 WorkerThread "GC Thread#9"                     [id=25820, stack(0x00000040b9700000,0x00000040b9800000) (1024K)]
  0x0000017ff59a0010 ConcurrentGCThread "G1 Main Marker"            [id=19132, stack(0x00000040b7a00000,0x00000040b7b00000) (1024K)]
  0x0000017ff59a0bb0 WorkerThread "G1 Conc#0"                       [id=25520, stack(0x00000040b7b00000,0x00000040b7c00000) (1024K)]
  0x0000017f95378e40 WorkerThread "G1 Conc#1"                       [id=26316, stack(0x00000040b9800000,0x00000040b9900000) (1024K)]
  0x0000017f953789f0 WorkerThread "G1 Conc#2"                       [id=6572, stack(0x00000040b9900000,0x00000040b9a00000) (1024K)]
  0x0000017ffdf605d0 ConcurrentGCThread "G1 Refine#0"               [id=23920, stack(0x00000040b7c00000,0x00000040b7d00000) (1024K)]
  0x0000017ffdf62ea0 ConcurrentGCThread "G1 Service"                [id=16984, stack(0x00000040b7d00000,0x00000040b7e00000) (1024K)]
Total: 18

Threads with active compile tasks:
C2 CompilerThread0  16851 11987       4       org.gradle.internal.instantiation.generator.AbstractClassGenerator::inspectType (602 bytes)
C2 CompilerThread1  16851 12155       4       sun.reflect.annotation.AnnotationParser::annotationForMap (28 bytes)
C2 CompilerThread2  16851 12261       4       java.lang.Class::getMethodsRecursive (104 bytes)
Total: 3

VM state: not at safepoint (normal execution)

VM Mutex/Monitor currently owned by a thread: None

Heap address: 0x0000000080000000, size: 2048 MB, Compressed Oops mode: 32-bit

CDS archive(s) not mapped
Compressed class space mapped at: 0x0000000036000000-0x0000000076000000, reserved size: 1073741824
UseCompressedClassPointers 1, UseCompactObjectHeaders 0
Narrow klass pointer bits 32, Max shift 3
Narrow klass base: 0x0000000000000000, Narrow klass shift: 0
Encoding Range: [0x0000000000000000 - 0x0000000100000000), (4294967296 bytes)
Klass Range:    [0x0000000036000000 - 0x0000000076000000), (1073741824 bytes)
Klass ID Range:  [905969664 - 1979711481) (1073741817)
No protection zone.

GC Precious Log:
 CardTable entry size: 512
 Card Set container configuration: InlinePtr #cards 5 size 8 Array Of Cards #cards 10 size 36 Howl #buckets 4 coarsen threshold 1843 Howl Bitmap #cards 512 size 80 coarsen threshold 460 Card regions per heap region 1 cards per card region 2048
 CPUs: 12 total, 12 available
 Memory: 16016M
 Large Page Support: Disabled
 NUMA Support: Disabled
 Compressed Oops: Enabled (32-bit)
 Heap Region Size: 1M
 Heap Min Capacity: 8M
 Heap Initial Capacity: 252M
 Heap Max Capacity: 2G
 Pre-touch: Disabled
 Parallel Workers: 10
 Concurrent Workers: 3
 Concurrent Refinement Workers: 10
 Periodic GC: Disabled

Heap:
 garbage-first heap   total reserved 2097152K, committed 155648K, used 106657K [0x0000000080000000, 0x0000000100000000)
  region size 1024K, 16 young (16384K), 6 survivors (6144K)

Heap Regions: E=young(eden), S=young(survivor), O=old, HS=humongous(starts), HC=humongous(continues), CS=collection set, F=free, TAMS=top-at-mark-start, PB=parsable bottom
|   0|0x0000000080000000, 0x0000000080100000, 0x0000000080100000|100%|HS|  |TAMS 0x0000000080000000| PB 0x0000000080000000| Complete |  0
|   1|0x0000000080100000, 0x0000000080200000, 0x0000000080200000|100%|HC|  |TAMS 0x0000000080100000| PB 0x0000000080100000| Complete |  0
|   2|0x0000000080200000, 0x0000000080300000, 0x0000000080300000|100%|HC|  |TAMS 0x0000000080200000| PB 0x0000000080200000| Complete |  0
|   3|0x0000000080300000, 0x0000000080400000, 0x0000000080400000|100%|HC|  |TAMS 0x0000000080300000| PB 0x0000000080300000| Complete |  0
|   4|0x0000000080400000, 0x0000000080500000, 0x0000000080500000|100%| O|  |TAMS 0x0000000080400000| PB 0x0000000080400000| Untracked |  0
|   5|0x0000000080500000, 0x0000000080600000, 0x0000000080600000|100%| O|  |TAMS 0x0000000080500000| PB 0x0000000080500000| Untracked |  0
|   6|0x0000000080600000, 0x0000000080700000, 0x0000000080700000|100%| O|  |TAMS 0x0000000080600000| PB 0x0000000080600000| Untracked |  0
|   7|0x0000000080700000, 0x0000000080800000, 0x0000000080800000|100%|HS|  |TAMS 0x0000000080700000| PB 0x0000000080700000| Complete |  0
|   8|0x0000000080800000, 0x0000000080900000, 0x0000000080900000|100%| O|  |TAMS 0x0000000080800000| PB 0x0000000080800000| Untracked |  0
|   9|0x0000000080900000, 0x0000000080a00000, 0x0000000080a00000|100%| O|  |TAMS 0x0000000080900000| PB 0x0000000080900000| Untracked |  0
|  10|0x0000000080a00000, 0x0000000080b00000, 0x0000000080b00000|100%| O|  |TAMS 0x0000000080a00000| PB 0x0000000080a00000| Untracked |  0
|  11|0x0000000080b00000, 0x0000000080c00000, 0x0000000080c00000|100%| O|  |TAMS 0x0000000080b00000| PB 0x0000000080b00000| Untracked |  0
|  12|0x0000000080c00000, 0x0000000080d00000, 0x0000000080d00000|100%| O|  |TAMS 0x0000000080c00000| PB 0x0000000080c00000| Untracked |  0
|  13|0x0000000080d00000, 0x0000000080e00000, 0x0000000080e00000|100%| O|  |TAMS 0x0000000080d00000| PB 0x0000000080d00000| Untracked |  0
|  14|0x0000000080e00000, 0x0000000080f00000, 0x0000000080f00000|100%| O|  |TAMS 0x0000000080e00000| PB 0x0000000080e00000| Untracked |  0
|  15|0x0000000080f00000, 0x0000000081000000, 0x0000000081000000|100%|HS|  |TAMS 0x0000000080f00000| PB 0x0000000080f00000| Complete |  0
|  16|0x0000000081000000, 0x0000000081100000, 0x0000000081100000|100%| O|  |TAMS 0x0000000081000000| PB 0x0000000081000000| Untracked |  0
|  17|0x0000000081100000, 0x0000000081200000, 0x0000000081200000|100%| O|  |TAMS 0x0000000081100000| PB 0x0000000081100000| Untracked |  0
|  18|0x0000000081200000, 0x0000000081300000, 0x0000000081300000|100%| O|  |TAMS 0x0000000081200000| PB 0x0000000081200000| Untracked |  0
|  19|0x0000000081300000, 0x0000000081400000, 0x0000000081400000|100%| O|  |TAMS 0x0000000081300000| PB 0x0000000081300000| Untracked |  0
|  20|0x0000000081400000, 0x0000000081500000, 0x0000000081500000|100%| O|  |TAMS 0x0000000081400000| PB 0x0000000081400000| Untracked |  0
|  21|0x0000000081500000, 0x0000000081600000, 0x0000000081600000|100%| O|  |TAMS 0x0000000081500000| PB 0x0000000081500000| Untracked |  0
|  22|0x0000000081600000, 0x0000000081700000, 0x0000000081700000|100%| O|  |TAMS 0x0000000081600000| PB 0x0000000081600000| Untracked |  0
|  23|0x0000000081700000, 0x0000000081800000, 0x0000000081800000|100%| O|  |TAMS 0x0000000081700000| PB 0x0000000081700000| Untracked |  0
|  24|0x0000000081800000, 0x0000000081900000, 0x0000000081900000|100%| O|  |TAMS 0x0000000081800000| PB 0x0000000081800000| Untracked |  0
|  25|0x0000000081900000, 0x0000000081a00000, 0x0000000081a00000|100%| O|  |TAMS 0x0000000081900000| PB 0x0000000081900000| Untracked |  0
|  26|0x0000000081a00000, 0x0000000081b00000, 0x0000000081b00000|100%| O|  |TAMS 0x0000000081a00000| PB 0x0000000081a00000| Untracked |  0
|  27|0x0000000081b00000, 0x0000000081c00000, 0x0000000081c00000|100%| O|  |TAMS 0x0000000081b00000| PB 0x0000000081b00000| Untracked |  0
|  28|0x0000000081c00000, 0x0000000081d00000, 0x0000000081d00000|100%| O|  |TAMS 0x0000000081c00000| PB 0x0000000081c00000| Untracked |  0
|  29|0x0000000081d00000, 0x0000000081e00000, 0x0000000081e00000|100%| O|  |TAMS 0x0000000081d00000| PB 0x0000000081d00000| Untracked |  0
|  30|0x0000000081e00000, 0x0000000081f00000, 0x0000000081f00000|100%| O|  |TAMS 0x0000000081e00000| PB 0x0000000081e00000| Untracked |  0
|  31|0x0000000081f00000, 0x0000000082000000, 0x0000000082000000|100%| O|  |TAMS 0x0000000081f00000| PB 0x0000000081f00000| Untracked |  0
|  32|0x0000000082000000, 0x0000000082100000, 0x0000000082100000|100%| O|  |TAMS 0x0000000082000000| PB 0x0000000082000000| Untracked |  0
|  33|0x0000000082100000, 0x0000000082200000, 0x0000000082200000|100%| O|  |TAMS 0x0000000082100000| PB 0x0000000082100000| Untracked |  0
|  34|0x0000000082200000, 0x0000000082300000, 0x0000000082300000|100%| O|  |TAMS 0x0000000082200000| PB 0x0000000082200000| Untracked |  0
|  35|0x0000000082300000, 0x0000000082400000, 0x0000000082400000|100%| O|  |TAMS 0x0000000082300000| PB 0x0000000082300000| Untracked |  0
|  36|0x0000000082400000, 0x0000000082500000, 0x0000000082500000|100%| O|  |TAMS 0x0000000082400000| PB 0x0000000082400000| Untracked |  0
|  37|0x0000000082500000, 0x0000000082600000, 0x0000000082600000|100%| O|  |TAMS 0x0000000082500000| PB 0x0000000082500000| Untracked |  0
|  38|0x0000000082600000, 0x0000000082700000, 0x0000000082700000|100%| O|  |TAMS 0x0000000082600000| PB 0x0000000082600000| Untracked |  0
|  39|0x0000000082700000, 0x0000000082800000, 0x0000000082800000|100%| O|  |TAMS 0x0000000082700000| PB 0x0000000082700000| Untracked |  0
|  40|0x0000000082800000, 0x0000000082900000, 0x0000000082900000|100%| O|  |TAMS 0x0000000082800000| PB 0x0000000082800000| Untracked |  0
|  41|0x0000000082900000, 0x0000000082a00000, 0x0000000082a00000|100%| O|  |TAMS 0x0000000082900000| PB 0x0000000082900000| Untracked |  0
|  42|0x0000000082a00000, 0x0000000082b00000, 0x0000000082b00000|100%|HS|  |TAMS 0x0000000082a00000| PB 0x0000000082a00000| Complete |  0
|  43|0x0000000082b00000, 0x0000000082c00000, 0x0000000082c00000|100%|HS|  |TAMS 0x0000000082b00000| PB 0x0000000082b00000| Complete |  0
|  44|0x0000000082c00000, 0x0000000082d00000, 0x0000000082d00000|100%| O|  |TAMS 0x0000000082c00000| PB 0x0000000082c00000| Untracked |  0
|  45|0x0000000082d00000, 0x0000000082e00000, 0x0000000082e00000|100%| O|  |TAMS 0x0000000082d00000| PB 0x0000000082d00000| Untracked |  0
|  46|0x0000000082e00000, 0x0000000082f00000, 0x0000000082f00000|100%|HS|  |TAMS 0x0000000082e00000| PB 0x0000000082e00000| Complete |  0
|  47|0x0000000082f00000, 0x0000000083000000, 0x0000000083000000|100%|HC|  |TAMS 0x0000000082f00000| PB 0x0000000082f00000| Complete |  0
|  48|0x0000000083000000, 0x0000000083100000, 0x0000000083100000|100%|HS|  |TAMS 0x0000000083000000| PB 0x0000000083000000| Complete |  0
|  49|0x0000000083100000, 0x0000000083200000, 0x0000000083200000|100%|HS|  |TAMS 0x0000000083100000| PB 0x0000000083100000| Complete |  0
|  50|0x0000000083200000, 0x0000000083300000, 0x0000000083300000|100%| O|  |TAMS 0x0000000083200000| PB 0x0000000083200000| Untracked |  0
|  51|0x0000000083300000, 0x0000000083400000, 0x0000000083400000|100%|HS|  |TAMS 0x0000000083300000| PB 0x0000000083300000| Complete |  0
|  52|0x0000000083400000, 0x0000000083500000, 0x0000000083500000|100%|HS|  |TAMS 0x0000000083400000| PB 0x0000000083400000| Complete |  0
|  53|0x0000000083500000, 0x0000000083600000, 0x0000000083600000|100%|HS|  |TAMS 0x0000000083500000| PB 0x0000000083500000| Complete |  0
|  54|0x0000000083600000, 0x0000000083700000, 0x0000000083700000|100%| O|  |TAMS 0x0000000083600000| PB 0x0000000083600000| Untracked |  0
|  55|0x0000000083700000, 0x0000000083800000, 0x0000000083800000|100%|HS|  |TAMS 0x0000000083700000| PB 0x0000000083700000| Complete |  0
|  56|0x0000000083800000, 0x0000000083900000, 0x0000000083900000|100%|HC|  |TAMS 0x0000000083800000| PB 0x0000000083800000| Complete |  0
|  57|0x0000000083900000, 0x0000000083a00000, 0x0000000083a00000|100%| O|  |TAMS 0x0000000083900000| PB 0x0000000083900000| Untracked |  0
|  58|0x0000000083a00000, 0x0000000083a00000, 0x0000000083b00000|  0%| F|  |TAMS 0x0000000083a00000| PB 0x0000000083a00000| Untracked |  0
|  59|0x0000000083b00000, 0x0000000083c00000, 0x0000000083c00000|100%| O|  |TAMS 0x0000000083b00000| PB 0x0000000083b00000| Untracked |  0
|  60|0x0000000083c00000, 0x0000000083d00000, 0x0000000083d00000|100%| O|  |TAMS 0x0000000083c00000| PB 0x0000000083c00000| Untracked |  0
|  61|0x0000000083d00000, 0x0000000083e00000, 0x0000000083e00000|100%| O|  |TAMS 0x0000000083d00000| PB 0x0000000083d00000| Untracked |  0
|  62|0x0000000083e00000, 0x0000000083f00000, 0x0000000083f00000|100%| O|  |TAMS 0x0000000083e00000| PB 0x0000000083e00000| Untracked |  0
|  63|0x0000000083f00000, 0x0000000084000000, 0x0000000084000000|100%| O|  |TAMS 0x0000000083f00000| PB 0x0000000083f00000| Untracked |  0
|  64|0x0000000084000000, 0x0000000084100000, 0x0000000084100000|100%| O|  |TAMS 0x0000000084000000| PB 0x0000000084000000| Untracked |  0
|  65|0x0000000084100000, 0x0000000084200000, 0x0000000084200000|100%| O|  |TAMS 0x0000000084100000| PB 0x0000000084100000| Untracked |  0
|  66|0x0000000084200000, 0x0000000084300000, 0x0000000084300000|100%| O|  |TAMS 0x0000000084200000| PB 0x0000000084200000| Untracked |  0
|  67|0x0000000084300000, 0x0000000084400000, 0x0000000084400000|100%|HS|  |TAMS 0x0000000084300000| PB 0x0000000084300000| Complete |  0
|  68|0x0000000084400000, 0x0000000084500000, 0x0000000084500000|100%| O|  |TAMS 0x0000000084400000| PB 0x0000000084400000| Untracked |  0
|  69|0x0000000084500000, 0x0000000084600000, 0x0000000084600000|100%| O|  |TAMS 0x0000000084500000| PB 0x0000000084500000| Untracked |  0
|  70|0x0000000084600000, 0x0000000084700000, 0x0000000084700000|100%| O|  |TAMS 0x0000000084600000| PB 0x0000000084600000| Untracked |  0
|  71|0x0000000084700000, 0x0000000084800000, 0x0000000084800000|100%| O|  |TAMS 0x0000000084700000| PB 0x0000000084700000| Untracked |  0
|  72|0x0000000084800000, 0x0000000084900000, 0x0000000084900000|100%| O|  |TAMS 0x0000000084800000| PB 0x0000000084800000| Untracked |  0
|  73|0x0000000084900000, 0x0000000084a00000, 0x0000000084a00000|100%| O|  |TAMS 0x0000000084900000| PB 0x0000000084900000| Untracked |  0
|  74|0x0000000084a00000, 0x0000000084a00000, 0x0000000084b00000|  0%| F|  |TAMS 0x0000000084a00000| PB 0x0000000084a00000| Untracked |  0
|  75|0x0000000084b00000, 0x0000000084c00000, 0x0000000084c00000|100%| O|  |TAMS 0x0000000084b00000| PB 0x0000000084b00000| Untracked |  0
|  76|0x0000000084c00000, 0x0000000084d00000, 0x0000000084d00000|100%| O|  |TAMS 0x0000000084c00000| PB 0x0000000084c00000| Untracked |  0
|  77|0x0000000084d00000, 0x0000000084e00000, 0x0000000084e00000|100%| O|  |TAMS 0x0000000084d00000| PB 0x0000000084d00000| Untracked |  0
|  78|0x0000000084e00000, 0x0000000084f00000, 0x0000000084f00000|100%| O|  |TAMS 0x0000000084e00000| PB 0x0000000084e00000| Untracked |  0
|  79|0x0000000084f00000, 0x0000000085000000, 0x0000000085000000|100%| O|  |TAMS 0x0000000084f00000| PB 0x0000000084f00000| Untracked |  0
|  80|0x0000000085000000, 0x0000000085100000, 0x0000000085100000|100%| O|  |TAMS 0x0000000085000000| PB 0x0000000085000000| Untracked |  0
|  81|0x0000000085100000, 0x0000000085200000, 0x0000000085200000|100%| O|  |TAMS 0x0000000085100000| PB 0x0000000085100000| Untracked |  0
|  82|0x0000000085200000, 0x00000000852ff678, 0x0000000085300000| 99%| O|  |TAMS 0x0000000085200000| PB 0x0000000085200000| Untracked |  0
|  83|0x0000000085300000, 0x0000000085329030, 0x0000000085400000| 16%| S|CS|TAMS 0x0000000085300000| PB 0x0000000085300000| Complete |  0
|  84|0x0000000085400000, 0x0000000085500000, 0x0000000085500000|100%| S|CS|TAMS 0x0000000085400000| PB 0x0000000085400000| Complete |  0
|  85|0x0000000085500000, 0x0000000085600000, 0x0000000085600000|100%| S|CS|TAMS 0x0000000085500000| PB 0x0000000085500000| Complete |  0
|  86|0x0000000085600000, 0x0000000085700000, 0x0000000085700000|100%| S|CS|TAMS 0x0000000085600000| PB 0x0000000085600000| Complete |  0
|  87|0x0000000085700000, 0x0000000085800000, 0x0000000085800000|100%| S|CS|TAMS 0x0000000085700000| PB 0x0000000085700000| Complete |  0
|  88|0x0000000085800000, 0x0000000085900000, 0x0000000085900000|100%| S|CS|TAMS 0x0000000085800000| PB 0x0000000085800000| Complete |  0
|  89|0x0000000085900000, 0x0000000085900000, 0x0000000085a00000|  0%| F|  |TAMS 0x0000000085900000| PB 0x0000000085900000| Untracked |  0
|  90|0x0000000085a00000, 0x0000000085a00000, 0x0000000085b00000|  0%| F|  |TAMS 0x0000000085a00000| PB 0x0000000085a00000| Untracked |  0
|  91|0x0000000085b00000, 0x0000000085b00000, 0x0000000085c00000|  0%| F|  |TAMS 0x0000000085b00000| PB 0x0000000085b00000| Untracked |  0
|  92|0x0000000085c00000, 0x0000000085c00000, 0x0000000085d00000|  0%| F|  |TAMS 0x0000000085c00000| PB 0x0000000085c00000| Untracked |  0
|  93|0x0000000085d00000, 0x0000000085d00000, 0x0000000085e00000|  0%| F|  |TAMS 0x0000000085d00000| PB 0x0000000085d00000| Untracked |  0
|  94|0x0000000085e00000, 0x0000000085e00000, 0x0000000085f00000|  0%| F|  |TAMS 0x0000000085e00000| PB 0x0000000085e00000| Untracked |  0
|  95|0x0000000085f00000, 0x0000000085f00000, 0x0000000086000000|  0%| F|  |TAMS 0x0000000085f00000| PB 0x0000000085f00000| Untracked |  0
|  96|0x0000000086000000, 0x0000000086000000, 0x0000000086100000|  0%| F|  |TAMS 0x0000000086000000| PB 0x0000000086000000| Untracked |  0
|  97|0x0000000086100000, 0x0000000086100000, 0x0000000086200000|  0%| F|  |TAMS 0x0000000086100000| PB 0x0000000086100000| Untracked |  0
|  98|0x0000000086200000, 0x0000000086200000, 0x0000000086300000|  0%| F|  |TAMS 0x0000000086200000| PB 0x0000000086200000| Untracked |  0
|  99|0x0000000086300000, 0x0000000086300000, 0x0000000086400000|  0%| F|  |TAMS 0x0000000086300000| PB 0x0000000086300000| Untracked |  0
| 100|0x0000000086400000, 0x0000000086400000, 0x0000000086500000|  0%| F|  |TAMS 0x0000000086400000| PB 0x0000000086400000| Untracked |  0
| 101|0x0000000086500000, 0x0000000086500000, 0x0000000086600000|  0%| F|  |TAMS 0x0000000086500000| PB 0x0000000086500000| Untracked |  0
| 102|0x0000000086600000, 0x0000000086600000, 0x0000000086700000|  0%| F|  |TAMS 0x0000000086600000| PB 0x0000000086600000| Untracked |  0
| 103|0x0000000086700000, 0x0000000086700000, 0x0000000086800000|  0%| F|  |TAMS 0x0000000086700000| PB 0x0000000086700000| Untracked |  0
| 104|0x0000000086800000, 0x0000000086800000, 0x0000000086900000|  0%| F|  |TAMS 0x0000000086800000| PB 0x0000000086800000| Untracked |  0
| 105|0x0000000086900000, 0x0000000086900000, 0x0000000086a00000|  0%| F|  |TAMS 0x0000000086900000| PB 0x0000000086900000| Untracked |  0
| 106|0x0000000086a00000, 0x0000000086a00000, 0x0000000086b00000|  0%| F|  |TAMS 0x0000000086a00000| PB 0x0000000086a00000| Untracked |  0
| 107|0x0000000086b00000, 0x0000000086b00000, 0x0000000086c00000|  0%| F|  |TAMS 0x0000000086b00000| PB 0x0000000086b00000| Untracked |  0
| 108|0x0000000086c00000, 0x0000000086c00000, 0x0000000086d00000|  0%| F|  |TAMS 0x0000000086c00000| PB 0x0000000086c00000| Untracked |  0
| 109|0x0000000086d00000, 0x0000000086d00000, 0x0000000086e00000|  0%| F|  |TAMS 0x0000000086d00000| PB 0x0000000086d00000| Untracked |  0
| 110|0x0000000086e00000, 0x0000000086e00000, 0x0000000086f00000|  0%| F|  |TAMS 0x0000000086e00000| PB 0x0000000086e00000| Untracked |  0
| 111|0x0000000086f00000, 0x0000000086f00000, 0x0000000087000000|  0%| F|  |TAMS 0x0000000086f00000| PB 0x0000000086f00000| Untracked |  0
| 112|0x0000000087000000, 0x0000000087000000, 0x0000000087100000|  0%| F|  |TAMS 0x0000000087000000| PB 0x0000000087000000| Untracked |  0
| 113|0x0000000087100000, 0x0000000087100000, 0x0000000087200000|  0%| F|  |TAMS 0x0000000087100000| PB 0x0000000087100000| Untracked |  0
| 114|0x0000000087200000, 0x0000000087200000, 0x0000000087300000|  0%| F|  |TAMS 0x0000000087200000| PB 0x0000000087200000| Untracked |  0
| 115|0x0000000087300000, 0x0000000087300000, 0x0000000087400000|  0%| F|  |TAMS 0x0000000087300000| PB 0x0000000087300000| Untracked |  0
| 116|0x0000000087400000, 0x0000000087400000, 0x0000000087500000|  0%| F|  |TAMS 0x0000000087400000| PB 0x0000000087400000| Untracked |  0
| 117|0x0000000087500000, 0x0000000087500000, 0x0000000087600000|  0%| F|  |TAMS 0x0000000087500000| PB 0x0000000087500000| Untracked |  0
| 118|0x0000000087600000, 0x0000000087600000, 0x0000000087700000|  0%| F|  |TAMS 0x0000000087600000| PB 0x0000000087600000| Untracked |  0
| 119|0x0000000087700000, 0x0000000087700000, 0x0000000087800000|  0%| F|  |TAMS 0x0000000087700000| PB 0x0000000087700000| Untracked |  0
| 120|0x0000000087800000, 0x0000000087800000, 0x0000000087900000|  0%| F|  |TAMS 0x0000000087800000| PB 0x0000000087800000| Untracked |  0
| 121|0x0000000087900000, 0x0000000087900000, 0x0000000087a00000|  0%| F|  |TAMS 0x0000000087900000| PB 0x0000000087900000| Untracked |  0
| 122|0x0000000087a00000, 0x0000000087a00000, 0x0000000087b00000|  0%| F|  |TAMS 0x0000000087a00000| PB 0x0000000087a00000| Untracked |  0
| 123|0x0000000087b00000, 0x0000000087b00000, 0x0000000087c00000|  0%| F|  |TAMS 0x0000000087b00000| PB 0x0000000087b00000| Untracked |  0
| 124|0x0000000087c00000, 0x0000000087c00000, 0x0000000087d00000|  0%| F|  |TAMS 0x0000000087c00000| PB 0x0000000087c00000| Untracked |  0
| 125|0x0000000087d00000, 0x0000000087d00000, 0x0000000087e00000|  0%| F|  |TAMS 0x0000000087d00000| PB 0x0000000087d00000| Untracked |  0
| 126|0x0000000087e00000, 0x0000000087e00000, 0x0000000087f00000|  0%| F|  |TAMS 0x0000000087e00000| PB 0x0000000087e00000| Untracked |  0
| 176|0x000000008b000000, 0x000000008b000000, 0x000000008b100000|  0%| F|  |TAMS 0x000000008b000000| PB 0x000000008b000000| Untracked |  0
| 177|0x000000008b100000, 0x000000008b100000, 0x000000008b200000|  0%| F|  |TAMS 0x000000008b100000| PB 0x000000008b100000| Untracked |  0
| 178|0x000000008b200000, 0x000000008b200000, 0x000000008b300000|  0%| F|  |TAMS 0x000000008b200000| PB 0x000000008b200000| Untracked |  0
| 179|0x000000008b300000, 0x000000008b300000, 0x000000008b400000|  0%| F|  |TAMS 0x000000008b300000| PB 0x000000008b300000| Untracked |  0
| 180|0x000000008b400000, 0x000000008b400000, 0x000000008b500000|  0%| F|  |TAMS 0x000000008b400000| PB 0x000000008b400000| Untracked |  0
| 181|0x000000008b500000, 0x000000008b500000, 0x000000008b600000|  0%| F|  |TAMS 0x000000008b500000| PB 0x000000008b500000| Untracked |  0
| 182|0x000000008b600000, 0x000000008b700000, 0x000000008b700000|100%| E|  |TAMS 0x000000008b600000| PB 0x000000008b600000| Complete |  0
| 183|0x000000008b700000, 0x000000008b800000, 0x000000008b800000|100%| E|CS|TAMS 0x000000008b700000| PB 0x000000008b700000| Complete |  0
| 184|0x000000008b800000, 0x000000008b900000, 0x000000008b900000|100%| E|CS|TAMS 0x000000008b800000| PB 0x000000008b800000| Complete |  0
| 185|0x000000008b900000, 0x000000008ba00000, 0x000000008ba00000|100%| E|CS|TAMS 0x000000008b900000| PB 0x000000008b900000| Complete |  0
| 186|0x000000008ba00000, 0x000000008bb00000, 0x000000008bb00000|100%| E|CS|TAMS 0x000000008ba00000| PB 0x000000008ba00000| Complete |  0
| 187|0x000000008bb00000, 0x000000008bc00000, 0x000000008bc00000|100%| E|CS|TAMS 0x000000008bb00000| PB 0x000000008bb00000| Complete |  0
| 188|0x000000008bc00000, 0x000000008bd00000, 0x000000008bd00000|100%| E|CS|TAMS 0x000000008bc00000| PB 0x000000008bc00000| Complete |  0
| 251|0x000000008fb00000, 0x000000008fc00000, 0x000000008fc00000|100%| E|CS|TAMS 0x000000008fb00000| PB 0x000000008fb00000| Complete |  0
|2037|0x00000000ff500000, 0x00000000ff600000, 0x00000000ff600000|100%| E|CS|TAMS 0x00000000ff500000| PB 0x00000000ff500000| Complete |  0
|2038|0x00000000ff600000, 0x00000000ff700000, 0x00000000ff700000|100%| E|CS|TAMS 0x00000000ff600000| PB 0x00000000ff600000| Complete |  0
|2039|0x00000000ff700000, 0x00000000ff800000, 0x00000000ff800000|100%| O|  |TAMS 0x00000000ff700000| PB 0x00000000ff700000| Untracked |  0
|2040|0x00000000ff800000, 0x00000000ff900000, 0x00000000ff900000|100%| O|  |TAMS 0x00000000ff800000| PB 0x00000000ff800000| Untracked |  0
|2041|0x00000000ff900000, 0x00000000ffa00000, 0x00000000ffa00000|100%| O|  |TAMS 0x00000000ff900000| PB 0x00000000ff900000| Untracked |  0
|2042|0x00000000ffa00000, 0x00000000ffb00000, 0x00000000ffb00000|100%| O|  |TAMS 0x00000000ffa00000| PB 0x00000000ffa00000| Untracked |  0
|2043|0x00000000ffb00000, 0x00000000ffc00000, 0x00000000ffc00000|100%| O|  |TAMS 0x00000000ffb00000| PB 0x00000000ffb00000| Untracked |  0
|2044|0x00000000ffc00000, 0x00000000ffd00000, 0x00000000ffd00000|100%| O|  |TAMS 0x00000000ffc00000| PB 0x00000000ffc00000| Untracked |  0
|2045|0x00000000ffd00000, 0x00000000ffe00000, 0x00000000ffe00000|100%| O|  |TAMS 0x00000000ffd00000| PB 0x00000000ffd00000| Untracked |  0
|2046|0x00000000ffe00000, 0x00000000fff00000, 0x00000000fff00000|100%| O|  |TAMS 0x00000000ffe00000| PB 0x00000000ffe00000| Untracked |  0
|2047|0x00000000fff00000, 0x0000000100000000, 0x0000000100000000|100%| O|  |TAMS 0x00000000fff00000| PB 0x00000000fff00000| Untracked |  0

Card table byte_map: [0x0000017ff9840000,0x0000017ff9c40000] _byte_map_base: 0x0000017ff9440000

Marking Bits: (CMBitMap*) 0x0000017ff5949770
 Bits: [0x0000017ff9c40000, 0x0000017ffbc40000)

Polling page: 0x0000017ff3970000

Metaspace:
Metaspace        used 113742K, committed 116096K, reserved 1179648K
 class space     used 16872K, committed 17984K, reserved 1048576K

Usage:
  Non-class:     94.60 MB used.
      Class:     16.48 MB used.
       Both:    111.08 MB used.

Virtual space:
  Non-class space:      128.00 MB reserved,      95.81 MB ( 75%) committed,  2 nodes.
      Class space:        1.00 GB reserved,      17.56 MB (  2%) committed,  1 nodes.
             Both:        1.12 GB reserved,     113.38 MB ( 10%) committed. 

Chunk freelists:
   Non-Class:  244.00 KB
       Class:  14.47 MB
        Both:  14.71 MB

MaxMetaspaceSize: unlimited
CompressedClassSpaceSize: 1.00 GB
Initial GC threshold: 21.00 MB
Current GC threshold: 178.12 MB
CDS: off
 - commit_granule_bytes: 65536.
 - commit_granule_words: 8192.
 - virtual_space_node_default_size: 8388608.
 - enlarge_chunks_in_place: 1.
UseCompressedClassPointers 1, UseCompactObjectHeaders 0
Narrow klass pointer bits 32, Max shift 3
Narrow klass base: 0x0000000000000000, Narrow klass shift: 0
Encoding Range: [0x0000000000000000 - 0x0000000100000000), (4294967296 bytes)
Klass Range:    [0x0000000036000000 - 0x0000000076000000), (1073741824 bytes)
Klass ID Range:  [905969664 - 1979711481) (1073741817)
No protection zone.


Internal statistics:

num_allocs_failed_limit: 9.
num_arena_births: 4414.
num_arena_deaths: 0.
num_vsnodes_births: 3.
num_vsnodes_deaths: 0.
num_space_committed: 1814.
num_space_uncommitted: 0.
num_chunks_returned_to_freelist: 9.
num_chunks_taken_from_freelist: 9020.
num_chunk_merges: 6.
num_chunk_splits: 6035.
num_chunks_enlarged: 3955.
num_inconsistent_stats: 0.

CodeHeap 'non-profiled nmethods': size=120064Kb used=4977Kb max_used=4977Kb free=115086Kb
 bounds [0x0000017f87ac0000, 0x0000017f87fa0000, 0x0000017f8f000000]
CodeHeap 'profiled nmethods': size=120000Kb used=14703Kb max_used=14703Kb free=105296Kb
 bounds [0x0000017f80000000, 0x0000017f80e60000, 0x0000017f87530000]
CodeHeap 'non-nmethods': size=5696Kb used=2061Kb max_used=2242Kb free=3634Kb
 bounds [0x0000017f87530000, 0x0000017f877a0000, 0x0000017f87ac0000]
CodeCache: size=245760Kb, used=21741Kb, max_used=21922Kb, free=224016Kb
 total_blobs=11362, nmethods=10436, adapters=827, full_count=0
Compilation: enabled, stopped_count=0, restarted_count=0

Compilation events (20 events):
Event: 15.764 Thread 0x0000017ffeaf7230 12181       3       java.util.LinkedList::addFirst (6 bytes)
Event: 15.764 Thread 0x0000017ffeaf7230 nmethod 12181 0x0000017f80e3aa08 code [0x0000017f80e3ab00, 0x0000017f80e3ac30]
Event: 15.764 Thread 0x0000017ffeaf7230 12183       3       org.gradle.execution.plan.Node::isCannotRunInAnyPlan (26 bytes)
Event: 15.764 Thread 0x0000017ffeaf7230 nmethod 12183 0x0000017f80e3ad08 code [0x0000017f80e3ae00, 0x0000017f80e3af98]
Event: 15.764 Thread 0x0000017ffeaf7230 12182       3       java.util.LinkedList::linkFirst (59 bytes)
Event: 15.765 Thread 0x0000017ffeaf7230 nmethod 12182 0x0000017f80e3b008 code [0x0000017f80e3b100, 0x0000017f80e3b540]
Event: 15.766 Thread 0x0000017ffeaf7230 12186       1       org.gradle.execution.plan.Node::getGroup (5 bytes)
Event: 15.766 Thread 0x0000017ffeaf7230 nmethod 12186 0x0000017f87f93788 code [0x0000017f87f93880, 0x0000017f87f93948]
Event: 15.766 Thread 0x0000017ffeaf7230 12187       3       org.gradle.util.Path::segmentCount (6 bytes)
Event: 15.767 Thread 0x0000017ffeaf7230 nmethod 12187 0x0000017f80e3b588 code [0x0000017f80e3b680, 0x0000017f80e3b790]
Event: 15.767 Thread 0x0000017ffeaf7230 12188       3       org.gradle.api.internal.project.ProjectOrderingUtil::owner (27 bytes)
Event: 15.767 Thread 0x0000017ffeaf7230 nmethod 12188 0x0000017f80e3b888 code [0x0000017f80e3b980, 0x0000017f80e3bdb8]
Event: 15.767 Thread 0x0000017ffeaf7230 12189       3       org.gradle.api.internal.project.DefaultProjectStateRegistry$ProjectStateImpl::getDepth (8 bytes)
Event: 15.767 Thread 0x0000017ffeaf7230 nmethod 12189 0x0000017f80e3be08 code [0x0000017f80e3bf00, 0x0000017f80e3c188]
Event: 15.767 Thread 0x0000017ffeaf7230 12190       3       org.gradle.util.Path::compareTo (110 bytes)
Event: 15.767 Thread 0x0000017ffeaf7230 nmethod 12190 0x0000017f80e3c208 code [0x0000017f80e3c300, 0x0000017f80e3cb58]
Event: 15.767 Thread 0x0000017ffeaf7230 12191       3       org.gradle.api.internal.project.ProjectOrderingUtil::compare (12 bytes)
Event: 15.768 Thread 0x0000017ffeaf7230 nmethod 12191 0x0000017f80e3cb88 code [0x0000017f80e3cc80, 0x0000017f80e3d500]
Event: 15.768 Thread 0x0000017ffeaf7230 12192       3       org.gradle.api.internal.project.ProjectOrderingUtil::compare (60 bytes)
Event: 15.768 Thread 0x0000017ffeaf7230 nmethod 12192 0x0000017f80e3d588 code [0x0000017f80e3d680, 0x0000017f80e3e260]

GC Heap Usage History (20 events):
Event: 11.814 {heap Before GC invocations=31 (full 0):
 garbage-first heap   total reserved 2097152K, committed 146432K, used 124171K [0x0000000080000000, 0x0000000100000000)
  region size 1024K, 52 young (53248K), 4 survivors (4096K)
}
Event: 11.817 {heap After GC invocations=32 (full 0):
 garbage-first heap   total reserved 2097152K, committed 146432K, used 77962K [0x0000000080000000, 0x0000000100000000)
  region size 1024K, 6 young (6144K), 6 survivors (6144K)
}
Event: 11.859 {heap Before GC invocations=32 (full 0):
 garbage-first heap   total reserved 2097152K, committed 146432K, used 80010K [0x0000000080000000, 0x0000000100000000)
  region size 1024K, 9 young (9216K), 6 survivors (6144K)
}
Event: 11.862 {heap After GC invocations=33 (full 0):
 garbage-first heap   total reserved 2097152K, committed 146432K, used 78513K [0x0000000080000000, 0x0000000100000000)
  region size 1024K, 4 young (4096K), 4 survivors (4096K)
}
Event: 12.352 {heap Before GC invocations=34 (full 0):
 garbage-first heap   total reserved 2097152K, committed 146432K, used 130737K [0x0000000080000000, 0x0000000100000000)
  region size 1024K, 50 young (51200K), 4 survivors (4096K)
}
Event: 12.356 {heap After GC invocations=35 (full 0):
 garbage-first heap   total reserved 2097152K, committed 146432K, used 83220K [0x0000000080000000, 0x0000000100000000)
  region size 1024K, 7 young (7168K), 7 survivors (7168K)
}
Event: 12.859 {heap Before GC invocations=35 (full 0):
 garbage-first heap   total reserved 2097152K, committed 146432K, used 128276K [0x0000000080000000, 0x0000000100000000)
  region size 1024K, 51 young (52224K), 7 survivors (7168K)
}
Event: 12.865 {heap After GC invocations=36 (full 0):
 garbage-first heap   total reserved 2097152K, committed 146432K, used 86049K [0x0000000080000000, 0x0000000100000000)
  region size 1024K, 3 young (3072K), 3 survivors (3072K)
}
Event: 13.336 {heap Before GC invocations=36 (full 0):
 garbage-first heap   total reserved 2097152K, committed 146432K, used 130081K [0x0000000080000000, 0x0000000100000000)
  region size 1024K, 46 young (47104K), 3 survivors (3072K)
}
Event: 13.340 {heap After GC invocations=37 (full 0):
 garbage-first heap   total reserved 2097152K, committed 146432K, used 87079K [0x0000000080000000, 0x0000000100000000)
  region size 1024K, 4 young (4096K), 4 survivors (4096K)
}
Event: 13.833 {heap Before GC invocations=38 (full 0):
 garbage-first heap   total reserved 2097152K, committed 147456K, used 132135K [0x0000000080000000, 0x0000000100000000)
  region size 1024K, 48 young (49152K), 4 survivors (4096K)
}
Event: 13.838 {heap After GC invocations=39 (full 0):
 garbage-first heap   total reserved 2097152K, committed 147456K, used 88666K [0x0000000080000000, 0x0000000100000000)
  region size 1024K, 3 young (3072K), 3 survivors (3072K)
}
Event: 14.255 {heap Before GC invocations=39 (full 0):
 garbage-first heap   total reserved 2097152K, committed 147456K, used 134746K [0x0000000080000000, 0x0000000100000000)
  region size 1024K, 48 young (49152K), 3 survivors (3072K)
}
Event: 14.259 {heap After GC invocations=40 (full 0):
 garbage-first heap   total reserved 2097152K, committed 147456K, used 90055K [0x0000000080000000, 0x0000000100000000)
  region size 1024K, 5 young (5120K), 5 survivors (5120K)
}
Event: 14.685 {heap Before GC invocations=40 (full 0):
 garbage-first heap   total reserved 2097152K, committed 147456K, used 136135K [0x0000000080000000, 0x0000000100000000)
  region size 1024K, 50 young (51200K), 5 survivors (5120K)
}
Event: 14.691 {heap After GC invocations=41 (full 0):
 garbage-first heap   total reserved 2097152K, committed 147456K, used 92241K [0x0000000080000000, 0x0000000100000000)
  region size 1024K, 6 young (6144K), 6 survivors (6144K)
}
Event: 15.163 {heap Before GC invocations=42 (full 0):
 garbage-first heap   total reserved 2097152K, committed 155648K, used 137297K [0x0000000080000000, 0x0000000100000000)
  region size 1024K, 50 young (51200K), 6 survivors (6144K)
}
Event: 15.168 {heap After GC invocations=43 (full 0):
 garbage-first heap   total reserved 2097152K, committed 155648K, used 94216K [0x0000000080000000, 0x0000000100000000)
  region size 1024K, 5 young (5120K), 5 survivors (5120K)
}
Event: 15.707 {heap Before GC invocations=43 (full 0):
 garbage-first heap   total reserved 2097152K, committed 155648K, used 144392K [0x0000000080000000, 0x0000000100000000)
  region size 1024K, 54 young (55296K), 5 survivors (5120K)
}
Event: 15.714 {heap After GC invocations=44 (full 0):
 garbage-first heap   total reserved 2097152K, committed 155648K, used 97441K [0x0000000080000000, 0x0000000100000000)
  region size 1024K, 6 young (6144K), 6 survivors (6144K)
}

Metaspace Usage History (20 events):
Event: 11.814 {metaspace Before GC invocations=31 (full 0):
 Metaspace       used 89117K, committed 91200K, reserved 1179648K
  class space    used 13051K, committed 14016K, reserved 1048576K
}
Event: 11.817 {metaspace After GC invocations=32 (full 0):
 Metaspace       used 89117K, committed 91200K, reserved 1179648K
  class space    used 13051K, committed 14016K, reserved 1048576K
}
Event: 11.859 {metaspace Before GC invocations=32 (full 0):
 Metaspace       used 89616K, committed 91712K, reserved 1179648K
  class space    used 13111K, committed 14080K, reserved 1048576K
}
Event: 11.862 {metaspace After GC invocations=33 (full 0):
 Metaspace       used 89616K, committed 91712K, reserved 1179648K
  class space    used 13111K, committed 14080K, reserved 1048576K
}
Event: 12.352 {metaspace Before GC invocations=34 (full 0):
 Metaspace       used 91905K, committed 93952K, reserved 1179648K
  class space    used 13443K, committed 14400K, reserved 1048576K
}
Event: 12.356 {metaspace After GC invocations=35 (full 0):
 Metaspace       used 91905K, committed 93952K, reserved 1179648K
  class space    used 13443K, committed 14400K, reserved 1048576K
}
Event: 12.859 {metaspace Before GC invocations=35 (full 0):
 Metaspace       used 94389K, committed 96512K, reserved 1179648K
  class space    used 13755K, committed 14720K, reserved 1048576K
}
Event: 12.865 {metaspace After GC invocations=36 (full 0):
 Metaspace       used 94389K, committed 96512K, reserved 1179648K
  class space    used 13755K, committed 14720K, reserved 1048576K
}
Event: 13.336 {metaspace Before GC invocations=36 (full 0):
 Metaspace       used 97393K, committed 99520K, reserved 1179648K
  class space    used 14202K, committed 15168K, reserved 1048576K
}
Event: 13.340 {metaspace After GC invocations=37 (full 0):
 Metaspace       used 97393K, committed 99520K, reserved 1179648K
  class space    used 14202K, committed 15168K, reserved 1048576K
}
Event: 13.833 {metaspace Before GC invocations=38 (full 0):
 Metaspace       used 100483K, committed 102656K, reserved 1179648K
  class space    used 14759K, committed 15744K, reserved 1048576K
}
Event: 13.838 {metaspace After GC invocations=39 (full 0):
 Metaspace       used 100483K, committed 102656K, reserved 1179648K
  class space    used 14759K, committed 15744K, reserved 1048576K
}
Event: 14.255 {metaspace Before GC invocations=39 (full 0):
 Metaspace       used 103728K, committed 105856K, reserved 1179648K
  class space    used 15332K, committed 16320K, reserved 1048576K
}
Event: 14.259 {metaspace After GC invocations=40 (full 0):
 Metaspace       used 103728K, committed 105856K, reserved 1179648K
  class space    used 15332K, committed 16320K, reserved 1048576K
}
Event: 14.685 {metaspace Before GC invocations=40 (full 0):
 Metaspace       used 107006K, committed 109248K, reserved 1179648K
  class space    used 15840K, committed 16896K, reserved 1048576K
}
Event: 14.691 {metaspace After GC invocations=41 (full 0):
 Metaspace       used 107006K, committed 109248K, reserved 1179648K
  class space    used 15840K, committed 16896K, reserved 1048576K
}
Event: 15.163 {metaspace Before GC invocations=42 (full 0):
 Metaspace       used 109780K, committed 112064K, reserved 1179648K
  class space    used 16324K, committed 17408K, reserved 1048576K
}
Event: 15.168 {metaspace After GC invocations=43 (full 0):
 Metaspace       used 109780K, committed 112064K, reserved 1179648K
  class space    used 16324K, committed 17408K, reserved 1048576K
}
Event: 15.707 {metaspace Before GC invocations=43 (full 0):
 Metaspace       used 113341K, committed 115648K, reserved 1179648K
  class space    used 16810K, committed 17920K, reserved 1048576K
}
Event: 15.714 {metaspace After GC invocations=44 (full 0):
 Metaspace       used 113341K, committed 115648K, reserved 1179648K
  class space    used 16810K, committed 17920K, reserved 1048576K
}

Dll operation events (3 events):
Event: 0.006 Loaded shared library C:\Program Files\Android\Android Studio\jbr\bin\java.dll
Event: 0.010 Loaded shared library C:\Program Files\Android\Android Studio\jbr\bin\zip.dll
Event: 0.373 Loaded shared library C:\Program Files\Android\Android Studio\jbr\bin\verify.dll

Deoptimization events (20 events):
Event: 15.714 Thread 0x0000017ffead7b90 Uncommon trap: trap_request=0xffffff45 fr.pc=0x0000017f87c81370 relative=0x0000000000000170
Event: 15.714 Thread 0x0000017ffead7b90 Uncommon trap: reason=unstable_if action=reinterpret pc=0x0000017f87c81370 method=java.lang.ref.ReferenceQueue.poll0()Ljava/lang/ref/Reference; @ 54 c2
Event: 15.714 Thread 0x0000017ffead7b90 DEOPT PACKING pc=0x0000017f87c81370 sp=0x00000040b82ff560
Event: 15.714 Thread 0x0000017ffead7b90 DEOPT UNPACKING pc=0x0000017f87648d02 sp=0x00000040b82ff4e0 mode 2
Event: 15.714 Thread 0x0000017ffead7b90 Uncommon trap: trap_request=0xffffffc6 fr.pc=0x0000017f87d9c7dc relative=0x00000000000001dc
Event: 15.715 Thread 0x0000017ffead7b90 Uncommon trap: reason=bimorphic_or_optimized_type_check action=maybe_recompile pc=0x0000017f87d9c7dc method=java.lang.ThreadLocal.remove(Ljava/lang/Thread;)V @ 2 c2
Event: 15.715 Thread 0x0000017ffead7b90 DEOPT PACKING pc=0x0000017f87d9c7dc sp=0x00000040b82ff470
Event: 15.715 Thread 0x0000017ffead7b90 DEOPT UNPACKING pc=0x0000017f87648d02 sp=0x00000040b82ff3a8 mode 2
Event: 15.716 Thread 0x0000017f940d8ac0 Uncommon trap: trap_request=0xffffffd6 fr.pc=0x0000017f87f8da24 relative=0x00000000000017a4
Event: 15.716 Thread 0x0000017f940d8ac0 Uncommon trap: reason=array_check action=maybe_recompile pc=0x0000017f87f8da24 method=java.util.TimSort.reverseRange([Ljava/lang/Object;II)V @ 27 c2
Event: 15.716 Thread 0x0000017f940d8ac0 DEOPT PACKING pc=0x0000017f87f8da24 sp=0x00000040b9df8850
Event: 15.716 Thread 0x0000017f940d8ac0 DEOPT UNPACKING pc=0x0000017f87648d02 sp=0x00000040b9df86f8 mode 2
Event: 15.717 Thread 0x0000017f940d8ac0 Uncommon trap: trap_request=0xffffffd6 fr.pc=0x0000017f87f8da24 relative=0x00000000000017a4
Event: 15.717 Thread 0x0000017f940d8ac0 Uncommon trap: reason=array_check action=maybe_recompile pc=0x0000017f87f8da24 method=java.util.TimSort.reverseRange([Ljava/lang/Object;II)V @ 27 c2
Event: 15.717 Thread 0x0000017f940d8ac0 DEOPT PACKING pc=0x0000017f87f8da24 sp=0x00000040b9df8850
Event: 15.717 Thread 0x0000017f940d8ac0 DEOPT UNPACKING pc=0x0000017f87648d02 sp=0x00000040b9df86f8 mode 2
Event: 15.768 Thread 0x0000017f940d8ac0 Uncommon trap: trap_request=0xffffffc6 fr.pc=0x0000017f87f725e0 relative=0x0000000000000440
Event: 15.768 Thread 0x0000017f940d8ac0 Uncommon trap: reason=bimorphic_or_optimized_type_check action=maybe_recompile pc=0x0000017f87f725e0 method=com.google.common.collect.AbstractMapBasedMultimap.createCollection(Ljava/lang/Object;)Ljava/util/Collection; @ 1 c2
Event: 15.768 Thread 0x0000017f940d8ac0 DEOPT PACKING pc=0x0000017f87f725e0 sp=0x00000040b9dfb590
Event: 15.768 Thread 0x0000017f940d8ac0 DEOPT UNPACKING pc=0x0000017f87648d02 sp=0x00000040b9dfb540 mode 2

Classes loaded (20 events):
Event: 15.303 Loading class org/xml/sax/ext/Locator2 done
Event: 15.303 Loading class com/sun/org/apache/xerces/internal/parsers/AbstractSAXParser$LocatorProxy done
Event: 15.303 Loading class com/sun/org/apache/xerces/internal/impl/XMLScanner$NameType
Event: 15.303 Loading class com/sun/org/apache/xerces/internal/impl/XMLScanner$NameType done
Event: 15.303 Loading class com/sun/org/apache/xerces/internal/impl/Constants
Event: 15.304 Loading class com/sun/org/apache/xerces/internal/impl/Constants done
Event: 15.304 Loading class com/sun/org/apache/xerces/internal/impl/Constants$ArrayEnumeration
Event: 15.304 Loading class com/sun/org/apache/xerces/internal/impl/Constants$ArrayEnumeration done
Event: 15.304 Loading class org/xml/sax/helpers/AttributesImpl
Event: 15.304 Loading class org/xml/sax/helpers/AttributesImpl done
Event: 15.305 Loading class java/util/regex/Pattern$Behind
Event: 15.305 Loading class java/util/regex/Pattern$Behind done
Event: 15.305 Loading class java/util/regex/Pattern$Neg
Event: 15.305 Loading class java/util/regex/Pattern$Neg done
Event: 15.312 Loading class javax/xml/datatype/DatatypeConfigurationException
Event: 15.313 Loading class javax/xml/datatype/DatatypeConfigurationException done
Event: 15.317 Loading class com/sun/org/apache/xerces/internal/impl/io/MalformedByteSequenceException
Event: 15.317 Loading class java/io/CharConversionException
Event: 15.317 Loading class java/io/CharConversionException done
Event: 15.317 Loading class com/sun/org/apache/xerces/internal/impl/io/MalformedByteSequenceException done

Classes unloaded (0 events):
No events

Classes redefined (0 events):
No events

Internal exceptions (20 events):
Event: 15.668 Thread 0x0000017f940d8ac0 Exception <a 'sun/nio/fs/WindowsException'{0x0000000085b06cf8}> (0x0000000085b06cf8) 
thrown [s\src\hotspot\share\prims\jni.cpp, line 535]
Event: 15.669 Thread 0x0000017f940d8ac0 Exception <a 'sun/nio/fs/WindowsException'{0x0000000085b144d0}> (0x0000000085b144d0) 
thrown [s\src\hotspot\share\prims\jni.cpp, line 535]
Event: 15.672 Thread 0x0000017f940d8ac0 Exception <a 'sun/nio/fs/WindowsException'{0x0000000085b2ca98}> (0x0000000085b2ca98) 
thrown [s\src\hotspot\share\prims\jni.cpp, line 535]
Event: 15.673 Thread 0x0000017f940d8ac0 Exception <a 'sun/nio/fs/WindowsException'{0x0000000085b393f0}> (0x0000000085b393f0) 
thrown [s\src\hotspot\share\prims\jni.cpp, line 535]
Event: 15.678 Thread 0x0000017f940d8ac0 Exception <a 'sun/nio/fs/WindowsException'{0x0000000085b6af80}> (0x0000000085b6af80) 
thrown [s\src\hotspot\share\prims\jni.cpp, line 535]
Event: 15.679 Thread 0x0000017f940d8ac0 Exception <a 'sun/nio/fs/WindowsException'{0x0000000085ba9430}> (0x0000000085ba9430) 
thrown [s\src\hotspot\share\prims\jni.cpp, line 535]
Event: 15.686 Thread 0x0000017f940d8ac0 Exception <a 'sun/nio/fs/WindowsException'{0x0000000085a97bb0}> (0x0000000085a97bb0) 
thrown [s\src\hotspot\share\prims\jni.cpp, line 535]
Event: 15.689 Thread 0x0000017f940d8ac0 Exception <a 'sun/nio/fs/WindowsException'{0x0000000085ac10b8}> (0x0000000085ac10b8) 
thrown [s\src\hotspot\share\prims\jni.cpp, line 535]
Event: 15.691 Thread 0x0000017f940d8ac0 Exception <a 'sun/nio/fs/WindowsException'{0x0000000085ad0228}> (0x0000000085ad0228) 
thrown [s\src\hotspot\share\prims\jni.cpp, line 535]
Event: 15.692 Thread 0x0000017f940d8ac0 Exception <a 'sun/nio/fs/WindowsException'{0x0000000085ade8b0}> (0x0000000085ade8b0) 
thrown [s\src\hotspot\share\prims\jni.cpp, line 535]
Event: 15.700 Thread 0x0000017f940d8ac0 Exception <a 'sun/nio/fs/WindowsException'{0x0000000085983848}> (0x0000000085983848) 
thrown [s\src\hotspot\share\prims\jni.cpp, line 535]
Event: 15.718 Thread 0x0000017f940d8ac0 Exception <a 'sun/nio/fs/WindowsException'{0x00000000ff63f850}> (0x00000000ff63f850) 
thrown [s\src\hotspot\share\prims\jni.cpp, line 535]
Event: 15.720 Thread 0x0000017f940d8ac0 Exception <a 'sun/nio/fs/WindowsException'{0x00000000ff64d028}> (0x00000000ff64d028) 
thrown [s\src\hotspot\share\prims\jni.cpp, line 535]
Event: 15.722 Thread 0x0000017f940d8ac0 Exception <a 'sun/nio/fs/WindowsException'{0x00000000ff659f70}> (0x00000000ff659f70) 
thrown [s\src\hotspot\share\prims\jni.cpp, line 535]
Event: 15.724 Thread 0x0000017f940d8ac0 Exception <a 'sun/nio/fs/WindowsException'{0x00000000ff669b38}> (0x00000000ff669b38) 
thrown [s\src\hotspot\share\prims\jni.cpp, line 535]
Event: 15.731 Thread 0x0000017f940d8ac0 Exception <a 'sun/nio/fs/WindowsException'{0x00000000ff69c5e0}> (0x00000000ff69c5e0) 
thrown [s\src\hotspot\share\prims\jni.cpp, line 535]
Event: 15.732 Thread 0x0000017f940d8ac0 Exception <a 'sun/nio/fs/WindowsException'{0x00000000ff6b1c50}> (0x00000000ff6b1c50) 
thrown [s\src\hotspot\share\prims\jni.cpp, line 535]
Event: 15.738 Thread 0x0000017f940d8ac0 Exception <a 'sun/nio/fs/WindowsException'{0x00000000ff55cac8}> (0x00000000ff55cac8) 
thrown [s\src\hotspot\share\prims\jni.cpp, line 535]
Event: 15.748 Thread 0x0000017f940d8ac0 Exception <a 'sun/nio/fs/WindowsException'{0x00000000ff5c0f38}> (0x00000000ff5c0f38) 
thrown [s\src\hotspot\share\prims\jni.cpp, line 535]
Event: 15.749 Thread 0x0000017f940d8ac0 Exception <a 'sun/nio/fs/WindowsException'{0x00000000ff5d0438}> (0x00000000ff5d0438) 
thrown [s\src\hotspot\share\prims\jni.cpp, line 535]

VM Operations (20 events):
Event: 14.255 Executing safepoint VM operation: G1CollectForAllocation (G1 Evacuation Pause)
Event: 14.259 Executing safepoint VM operation: G1CollectForAllocation (G1 Evacuation Pause) done
Event: 14.442 Executing non-safepoint VM operation: HandshakeAllThreads (Deoptimize)
Event: 14.442 Executing non-safepoint VM operation: HandshakeAllThreads (Deoptimize) done
Event: 14.685 Executing safepoint VM operation: G1CollectForAllocation (G1 Evacuation Pause)
Event: 14.691 Executing safepoint VM operation: G1CollectForAllocation (G1 Evacuation Pause) done
Event: 14.727 Executing safepoint VM operation: G1PauseRemark
Event: 14.731 Executing safepoint VM operation: G1PauseRemark done
Event: 14.747 Executing safepoint VM operation: G1PauseCleanup
Event: 14.747 Executing safepoint VM operation: G1PauseCleanup done
Event: 14.979 Executing non-safepoint VM operation: HandshakeAllThreads (Deoptimize)
Event: 14.979 Executing non-safepoint VM operation: HandshakeAllThreads (Deoptimize) done
Event: 15.051 Executing non-safepoint VM operation: HandshakeAllThreads (Deoptimize)
Event: 15.051 Executing non-safepoint VM operation: HandshakeAllThreads (Deoptimize) done
Event: 15.163 Executing safepoint VM operation: G1CollectForAllocation (G1 Evacuation Pause)
Event: 15.168 Executing safepoint VM operation: G1CollectForAllocation (G1 Evacuation Pause) done
Event: 15.290 Executing non-safepoint VM operation: HandshakeAllThreads (Deoptimize)
Event: 15.290 Executing non-safepoint VM operation: HandshakeAllThreads (Deoptimize) done
Event: 15.707 Executing safepoint VM operation: G1CollectForAllocation (G1 Evacuation Pause)
Event: 15.714 Executing safepoint VM operation: G1CollectForAllocation (G1 Evacuation Pause) done

Memory protections (0 events):
No events

Nmethod flushes (20 events):
Event: 14.730 Thread 0x0000017ffe0fde90 flushing  nmethod 0x0000017f806a4688
Event: 14.730 Thread 0x0000017ffe0fde90 flushing  nmethod 0x0000017f806f3388
Event: 14.730 Thread 0x0000017ffe0fde90 flushing  nmethod 0x0000017f8075fe88
Event: 14.730 Thread 0x0000017ffe0fde90 flushing  nmethod 0x0000017f807bef88
Event: 14.730 Thread 0x0000017ffe0fde90 flushing  nmethod 0x0000017f8090ce88
Event: 14.730 Thread 0x0000017ffe0fde90 flushing  nmethod 0x0000017f87c19508
Event: 14.730 Thread 0x0000017ffe0fde90 flushing  nmethod 0x0000017f87dc4a88
Event: 14.730 Thread 0x0000017ffe0fde90 flushing  nmethod 0x0000017f800fd288
Event: 14.730 Thread 0x0000017ffe0fde90 flushing  nmethod 0x0000017f80247a88
Event: 14.730 Thread 0x0000017ffe0fde90 flushing  nmethod 0x0000017f80247d88
Event: 14.730 Thread 0x0000017ffe0fde90 flushing  nmethod 0x0000017f80354d88
Event: 14.730 Thread 0x0000017ffe0fde90 flushing  nmethod 0x0000017f80466908
Event: 14.730 Thread 0x0000017ffe0fde90 flushing  nmethod 0x0000017f804e7508
Event: 14.730 Thread 0x0000017ffe0fde90 flushing  nmethod 0x0000017f8062f408
Event: 14.730 Thread 0x0000017ffe0fde90 flushing  nmethod 0x0000017f80631f08
Event: 14.730 Thread 0x0000017ffe0fde90 flushing  nmethod 0x0000017f8066eb88
Event: 14.730 Thread 0x0000017ffe0fde90 flushing  nmethod 0x0000017f80670408
Event: 14.730 Thread 0x0000017ffe0fde90 flushing  nmethod 0x0000017f80671a08
Event: 14.730 Thread 0x0000017ffe0fde90 flushing  nmethod 0x0000017f8072a908
Event: 14.730 Thread 0x0000017ffe0fde90 flushing  nmethod 0x0000017f80796408

Events (20 events):
Event: 6.144 Thread 0x0000017f940d8ac0 Thread added: 0x0000017f96db01f0
Event: 7.723 Thread 0x0000017fff4faba0 Thread exited: 0x0000017fff4faba0
Event: 7.819 Thread 0x0000017ffef62b70 Thread exited: 0x0000017ffef62b70
Event: 8.118 Thread 0x0000017f940d8ac0 Thread added: 0x0000017f96db4840
Event: 8.548 Thread 0x0000017ffeb0f0a0 Thread added: 0x0000017fff3fd0f0
Event: 8.764 Thread 0x0000017fff3fd0f0 Thread exited: 0x0000017fff3fd0f0
Event: 9.170 Thread 0x0000017ffeaf7230 Thread added: 0x0000017fff3fd0f0
Event: 9.526 Thread 0x0000017ffeaf7230 Thread added: 0x0000017fff4049e0
Event: 10.281 Thread 0x0000017fff4049e0 Thread exited: 0x0000017fff4049e0
Event: 10.286 Thread 0x0000017fff3fd0f0 Thread exited: 0x0000017fff3fd0f0
Event: 10.369 Thread 0x0000017ffeaf7230 Thread added: 0x0000017fff3fd0f0
Event: 10.791 Thread 0x0000017f940d8ac0 Thread added: 0x0000017f988d0bb0
Event: 10.888 Thread 0x0000017fff3fd0f0 Thread exited: 0x0000017fff3fd0f0
Event: 11.108 Thread 0x0000017ffeaf7230 Thread added: 0x0000017fff407230
Event: 11.120 Thread 0x0000017f940d8ac0 Thread added: 0x0000017f988d1b50
Event: 11.568 Thread 0x0000017f940d8ac0 Thread added: 0x0000017f988cec70
Event: 12.771 Thread 0x0000017ffeaf7230 Thread added: 0x0000017f95916d30
Event: 13.365 Thread 0x0000017f95916d30 Thread exited: 0x0000017f95916d30
Event: 13.966 Thread 0x0000017fff407230 Thread exited: 0x0000017fff407230
Event: 13.981 Thread 0x0000017ffeaf7230 Thread added: 0x0000017f95918560


Dynamic libraries:
0x00007ff725e30000 - 0x00007ff725e3a000 	C:\Program Files\Android\Android Studio\jbr\bin\java.exe
0x00007ffaaf560000 - 0x00007ffaaf7c6000 	C:\windows\SYSTEM32\ntdll.dll
0x00007ffaae890000 - 0x00007ffaae959000 	C:\windows\System32\KERNEL32.DLL
0x00007ffaac770000 - 0x00007ffaacb6f000 	C:\windows\System32\KERNELBASE.dll
0x00007ffaacb80000 - 0x00007ffaacccc000 	C:\windows\System32\ucrtbase.dll
0x00007ffaa6e70000 - 0x00007ffaa6e86000 	C:\Program Files\Android\Android Studio\jbr\bin\jli.dll
0x00007ffaa4730000 - 0x00007ffaa474b000 	C:\Program Files\Android\Android Studio\jbr\bin\VCRUNTIME140.dll
0x00007ffaae150000 - 0x00007ffaae316000 	C:\windows\System32\USER32.dll
0x00007ffaacce0000 - 0x00007ffaacd07000 	C:\windows\System32\win32u.dll
0x00007ffa825f0000 - 0x00007ffa82881000 	C:\windows\WinSxS\amd64_microsoft.windows.common-controls_6595b64144ccf1df_6.0.26100.8972_none_3e0da176e32f9d4b\COMCTL32.dll
0x00007ffaaf220000 - 0x00007ffaaf24b000 	C:\windows\System32\GDI32.dll
0x00007ffaad0a0000 - 0x00007ffaad1c9000 	C:\windows\System32\gdi32full.dll
0x00007ffaae340000 - 0x00007ffaae3e9000 	C:\windows\System32\msvcrt.dll
0x00007ffaacd10000 - 0x00007ffaacdb3000 	C:\windows\System32\msvcp_win.dll
0x00007ffaaf1e0000 - 0x00007ffaaf212000 	C:\windows\System32\IMM32.DLL
0x00007ffaa88a0000 - 0x00007ffaa88ac000 	C:\Program Files\Android\Android Studio\jbr\bin\vcruntime140_1.dll
0x00007ffa87ba0000 - 0x00007ffa87c2d000 	C:\Program Files\Android\Android Studio\jbr\bin\msvcp140.dll
0x00007ffa3d6a0000 - 0x00007ffa3e57a000 	C:\Program Files\Android\Android Studio\jbr\bin\server\jvm.dll
0x00007ffaae9b0000 - 0x00007ffaaea6c000 	C:\windows\System32\ADVAPI32.dll
0x00007ffaaf3e0000 - 0x00007ffaaf48a000 	C:\windows\System32\sechost.dll
0x00007ffaaed30000 - 0x00007ffaaee48000 	C:\windows\System32\RPCRT4.dll
0x00007ffaae090000 - 0x00007ffaae112000 	C:\windows\System32\WS2_32.dll
0x00007ffaac5f0000 - 0x00007ffaac64e000 	C:\windows\SYSTEM32\POWRPROF.dll
0x00007ffaa5900000 - 0x00007ffaa5936000 	C:\windows\SYSTEM32\WINMM.dll
0x00007ffa98ee0000 - 0x00007ffa98eeb000 	C:\windows\SYSTEM32\VERSION.dll
0x00007ffaac5d0000 - 0x00007ffaac5e5000 	C:\windows\SYSTEM32\UMPDC.dll
0x00007ffaab420000 - 0x00007ffaab43b000 	C:\windows\SYSTEM32\kernel.appcore.dll
0x00007ffaa4720000 - 0x00007ffaa472a000 	C:\Program Files\Android\Android Studio\jbr\bin\jimage.dll
0x00007ffaa9f10000 - 0x00007ffaaa152000 	C:\windows\SYSTEM32\DBGHELP.DLL
0x00007ffaaee50000 - 0x00007ffaaf1d5000 	C:\windows\System32\combase.dll
0x00007ffaae460000 - 0x00007ffaae539000 	C:\windows\System32\OLEAUT32.dll
0x00007ffa89a70000 - 0x00007ffa89aab000 	C:\windows\SYSTEM32\dbgcore.DLL
0x00007ffaacdc0000 - 0x00007ffaace6c000 	C:\windows\System32\bcryptPrimitives.dll
0x00007ffa9af70000 - 0x00007ffa9af7e000 	C:\Program Files\Android\Android Studio\jbr\bin\instrument.dll
0x00007ffaa4700000 - 0x00007ffaa471f000 	C:\Program Files\Android\Android Studio\jbr\bin\java.dll
0x00007ffaaeb90000 - 0x00007ffaaed29000 	C:\windows\System32\ole32.dll
0x00007ffaad470000 - 0x00007ffaadbf8000 	C:\windows\System32\SHELL32.dll
0x00007ffaa10a0000 - 0x00007ffaa10b7000 	C:\Program Files\Android\Android Studio\jbr\bin\zip.dll
0x00007ffaaa1e0000 - 0x00007ffaaaa7b000 	C:\windows\SYSTEM32\windows.storage.dll
0x00007ffaaea90000 - 0x00007ffaaeb89000 	C:\windows\System32\SHCORE.dll
0x00007ffaae3f0000 - 0x00007ffaae456000 	C:\windows\System32\shlwapi.dll
0x00007ffaac690000 - 0x00007ffaac6b9000 	C:\windows\SYSTEM32\profapi.dll
0x00007ffaa4580000 - 0x00007ffaa4590000 	C:\Program Files\Android\Android Studio\jbr\bin\net.dll
0x00007ffaab9b0000 - 0x00007ffaaba1c000 	C:\windows\system32\mswsock.dll
0x00007ffaa1050000 - 0x00007ffaa1066000 	C:\Program Files\Android\Android Studio\jbr\bin\nio.dll
0x00007ffa9b1a0000 - 0x00007ffa9b1b0000 	C:\Program Files\Android\Android Studio\jbr\bin\verify.dll
0x00007ffa9afd0000 - 0x00007ffa9aff7000 	C:\Users\Aluno\.gradle\native\660c5614fbf4a5f2a75b1949f50a0caf5cd603558e7d8a26e50b933a0cfb79d1\windows-amd64\native-platform.dll
0x00007ffa8e440000 - 0x00007ffa8e4b7000 	C:\Users\Aluno\.gradle\native\0.2.8\x86_64-windows-gnu\gradle-fileevents.dll
0x00007ffaa1040000 - 0x00007ffaa1049000 	C:\Program Files\Android\Android Studio\jbr\bin\management.dll
0x00007ffaa1030000 - 0x00007ffaa103b000 	C:\Program Files\Android\Android Studio\jbr\bin\management_ext.dll
0x00007ffaae7c0000 - 0x00007ffaae7c8000 	C:\windows\System32\PSAPI.DLL
0x00007ffaaae20000 - 0x00007ffaaae53000 	C:\windows\SYSTEM32\IPHLPAPI.DLL
0x00007ffaaf3d0000 - 0x00007ffaaf3da000 	C:\windows\System32\NSI.dll
0x00007ffaa1090000 - 0x00007ffaa1099000 	C:\Program Files\Android\Android Studio\jbr\bin\extnet.dll
0x00007ffaabdd0000 - 0x00007ffaabdeb000 	C:\windows\SYSTEM32\CRYPTSP.dll
0x00007ffaab380000 - 0x00007ffaab3b9000 	C:\windows\system32\rsaenh.dll
0x00007ffaaba60000 - 0x00007ffaaba92000 	C:\windows\SYSTEM32\USERENV.dll
0x00007ffaac660000 - 0x00007ffaac68a000 	C:\windows\SYSTEM32\bcrypt.dll
0x00007ffaabda0000 - 0x00007ffaabdac000 	C:\windows\SYSTEM32\CRYPTBASE.dll
0x00007ffa86700000 - 0x00007ffa86708000 	C:\windows\system32\wshunix.dll

JVMTI agents:
C:\Users\Aluno\.gradle\wrapper\dists\gradle-9.5.0-bin\bvnork1r7n8i6kp5cnkibsc9q\gradle-9.5.0\lib\agents\gradle-instrumentation-agent-9.5.0.jar path:C:\Program Files\Android\Android Studio\jbr\bin\instrument.dll, loaded, initialized, instrumentlib options:none

dbghelp: loaded successfully - version: 4.0.5 - missing functions: none
symbol engine: initialized successfully - sym options: 0x614 - pdb path: .;C:\Program Files\Android\Android Studio\jbr\bin;C:\windows\SYSTEM32;C:\windows\WinSxS\amd64_microsoft.windows.common-controls_6595b64144ccf1df_6.0.26100.8972_none_3e0da176e32f9d4b;C:\Program Files\Android\Android Studio\jbr\bin\server;C:\Users\Aluno\.gradle\native\660c5614fbf4a5f2a75b1949f50a0caf5cd603558e7d8a26e50b933a0cfb79d1\windows-amd64;C:\Users\Aluno\.gradle\native\0.2.8\x86_64-windows-gnu

VM Arguments:
jvm_args: --add-opens=java.base/java.lang=ALL-UNNAMED --add-opens=java.base/java.lang.invoke=ALL-UNNAMED --add-opens=java.base/java.util=ALL-UNNAMED --add-opens=java.prefs/java.util.prefs=ALL-UNNAMED --add-exports=jdk.compiler/com.sun.tools.javac.api=ALL-UNNAMED --add-exports=jdk.compiler/com.sun.tools.javac.util=ALL-UNNAMED --add-opens=java.base/java.nio.charset=ALL-UNNAMED --add-opens=java.base/java.net=ALL-UNNAMED --add-opens=java.base/java.util.concurrent=ALL-UNNAMED --add-opens=java.base/java.util.concurrent.atomic=ALL-UNNAMED --add-opens=java.xml/javax.xml.namespace=ALL-UNNAMED --add-opens=java.base/java.time=ALL-UNNAMED --enable-native-access=ALL-UNNAMED -XX:+UseG1GC -Xmx2048m -Dfile.encoding=UTF-8 -Duser.country=BR -Duser.language=pt -Duser.variant -javaagent:C:\Users\Aluno\.gradle\wrapper\dists\gradle-9.5.0-bin\bvnork1r7n8i6kp5cnkibsc9q\gradle-9.5.0\lib\agents\gradle-instrumentation-agent-9.5.0.jar 
java_command: org.gradle.launcher.daemon.bootstrap.GradleDaemon 9.5.0
java_class_path (initial): C:\Users\Aluno\.gradle\wrapper\dists\gradle-9.5.0-bin\bvnork1r7n8i6kp5cnkibsc9q\gradle-9.5.0\lib\gradle-daemon-main-9.5.0.jar
Launcher Type: SUN_STANDARD

[Global flags]
     intx CICompilerCount                          = 4                                         {product} {ergonomic}
     uint ConcGCThreads                            = 3                                         {product} {ergonomic}
     uint G1ConcRefinementThreads                  = 10                                        {product} {ergonomic}
   size_t G1HeapRegionSize                         = 1048576                                   {product} {ergonomic}
   size_t InitialHeapSize                          = 264241152                                 {product} {ergonomic}
   size_t MarkStackSize                            = 4194304                                   {product} {ergonomic}
   size_t MarkStackSizeMax                         = 536870912                                 {product} {ergonomic}
   size_t MaxHeapSize                              = 2147483648                                {product} {command line}
   size_t MaxNewSize                               = 1287651328                                {product} {ergonomic}
   size_t MinHeapDeltaBytes                        = 1048576                                   {product} {ergonomic}
   size_t MinHeapSize                              = 8388608                                   {product} {ergonomic}
    uintx NonNMethodCodeHeapSize                   = 5832704                                {pd product} {ergonomic}
    uintx NonProfiledCodeHeapSize                  = 122945536                              {pd product} {ergonomic}
     bool PerfDisableSharedMem                     = true                                      {product} {ergonomic}
    uintx ProfiledCodeHeapSize                     = 122880000                              {pd product} {ergonomic}
    uintx ReservedCodeCacheSize                    = 251658240                              {pd product} {ergonomic}
     bool SegmentedCodeCache                       = true                                      {product} {ergonomic}
   size_t SoftMaxHeapSize                          = 2147483648                             {manageable} {ergonomic}
     bool UseCompressedOops                        = true                           {product lp64_product} {ergonomic}
     bool UseG1GC                                  = true                                      {product} {command line}
     bool UseLargePagesIndividualAllocation        = false                                  {pd product} {ergonomic}

Logging:
Log output configuration:
 #0: stdout all=warning uptime,level,tags foldmultilines=false
 #1: stderr all=off uptime,level,tags foldmultilines=false

Release file:
JAVA_VERSION="25.0.2" 
MODULES="java.base java.compiler java.datatransfer java.xml java.prefs java.desktop java.instrument java.logging java.management java.security.sasl java.naming java.rmi java.management.rmi java.net.http java.scripting java.security.jgss java.transaction.xa java.sql java.sql.rowset java.xml.crypto java.se java.smartcardio jdk.accessibility jdk.internal.jvmstat jdk.attach jdk.charsets jdk.internal.opt jdk.zipfs jdk.compiler jdk.crypto.cryptoki jdk.crypto.ec jdk.dynalink jdk.hotspot.agent jdk.httpserver jdk.internal.ed jdk.internal.le jdk.internal.md jdk.internal.vm.ci jdk.jartool jdk.javadoc jdk.jcmd jdk.jdeps jdk.jdwp.agent jdk.jdi jdk.jfr jdk.jlink jdk.localedata jdk.management jdk.management.agent jdk.management.jfr jdk.naming.dns jdk.naming.rmi jdk.net jdk.sctp jdk.security.auth jdk.security.jgss jdk.unsupported jdk.unsupported.desktop jdk.xml.dom" 
IMPLEMENTOR="JetBrains s.r.o." 
JAVA_RUNTIME_VERSION="25.0.2+-15348964-b329.117" 
LIBC="default" 
OS_ARCH="x86_64" 
OS_NAME="Windows" 
SOURCE=".:git:3cf398e84a39" 

Environment Variables:
PATH=C:\Program Files\Microsoft SDKs\Azure\CLI2\wbin;C:\Program Files (x86)\Common Files\Oracle\Java\java8path;C:\Program Files (x86)\Common Files\Oracle\Java\javapath;C:\windows\system32;C:\windows;C:\windows\System32\Wbem;C:\windows\System32\WindowsPowerShell\v1.0\;C:\windows\System32\OpenSSH\;C:\Program Files\Microsoft SQL Server\150\Tools\Binn\;C:\Program Files\Microsoft SQL Server\Client SDK\ODBC\170\Tools\Binn\;C:\Program Files\dotnet\;C:\Program Files (x86)\Microsoft SQL Server\160\Tools\Binn\;C:\Program Files\Microsoft SQL Server\160\Tools\Binn\;C:\Program Files\Microsoft SQL Server\160\DTS\Binn\;C:\Program Files\Git\cmd;C:\Program Files\Docker\Docker\resources\bin;C:\Program Files\nodejs\;C:\Users\Aluno\AppData\Local\Programs\Python\Python314\Scripts\;C:\Users\Aluno\AppData\Local\Programs\Python\Python314\;C:\Users\Aluno\AppData\Local\Microsoft\WindowsApps;C:\Users\Aluno\AppData\Local\Programs\Microsoft VS Code\bin;C:\Users\Aluno\.dotnet\tools;C:\Users\Aluno\AppData\Roaming\npm
USERNAME=Aluno
OS=Windows_NT
PROCESSOR_IDENTIFIER=Intel64 Family 6 Model 186 Stepping 3, GenuineIntel
TMP=C:\Users\Aluno\AppData\Local\Temp
TEMP=C:\Users\Aluno\AppData\Local\Temp




Compilation memory statistics disabled.

Periodic native trim disabled

JNI global refs:
JNI global refs: 23, weak refs: 1

JNI global refs memory usage: 835, weak refs: 833

Process memory usage:
Resident Set Size: 447880K (2% of 16400672K total physical memory with 830808K free physical memory)

OOME stack traces (most recent first):
Classloader memory used:
Loader org.gradle.internal.classloader.VisitableURLClassLoader                         : 43413 K
Loader bootstrap                                                                       : 29397 K
Loader org.gradle.internal.classloader.VisitableURLClassLoader$InstrumentingVisitableURLClassLoader: 26527 K
Loader org.gradle.initialization.MixInLegacyTypesClassLoader                           : 13735 K
Loader org.gradle.internal.classloader.VisitableURLClassLoader                         : 201 K
Loader jdk.internal.loader.ClassLoaders$AppClassLoader                                 : 187 K
Loader jdk.internal.loader.ClassLoaders$PlatformClassLoader                            : 163 K
Loader org.gradle.groovy.scripts.internal.DefaultScriptCompilationHandler$ScriptClassLoader: 123 K

Classes loaded by more than one classloader:
Class Program                                                                         : loaded 5 times (x 74B)
Class Build_gradle                                                                    : loaded 3 times (x 128B)
Class com.google.common.collect.RegularImmutableMap$KeySet                            : loaded 2 times (x 154B)
Class org.gradle.internal.classloader.FilteringClassLoader                            : loaded 2 times (x 106B)
Class com.google.common.base.CharMatcher$IsEither                                     : loaded 2 times (x 113B)
Class org.gradle.internal.classloader.ClassLoaderHierarchy                            : loaded 2 times (x 72B)
Class com.google.common.collect.ImmutableEnumSet                                      : loaded 2 times (x 148B)
Class com.google.common.collect.ImmutableList$1                                       : loaded 2 times (x 99B)
Class com.google.common.util.concurrent.ExecutionError                                : loaded 2 times (x 84B)
Class com.google.common.collect.RegularImmutableMap                                   : loaded 2 times (x 122B)
Class com.google.common.collect.ImmutableMap$MapViewOfValuesAsSingletonSets           : loaded 2 times (x 128B)
Class [Lorg.objectweb.asm.Symbol;                                                     : loaded 2 times (x 71B)
Class org.objectweb.asm.ClassVisitor                                                  : loaded 2 times (x 90B)
Class com.google.common.collect.UnmodifiableListIterator                              : loaded 2 times (x 97B)
Class com.google.common.base.Platform$JdkPatternCompiler                              : loaded 2 times (x 77B)
Class org.objectweb.asm.MethodTooLargeException                                       : loaded 2 times (x 84B)
Class [Lcom.google.common.cache.CacheBuilder$OneWeigher;                              : loaded 2 times (x 71B)
Class com.google.common.base.Suppliers                                                : loaded 2 times (x 73B)
Class org.gradle.internal.classloader.DefaultClassLoaderFactory                       : loaded 2 times (x 84B)
Class [Lcom.google.common.collect.ImmutableMapEntry;                                  : loaded 2 times (x 71B)
Class com.google.common.collect.ListMultimap                                          : loaded 2 times (x 72B)
Class com.google.common.collect.ImmutableEnumMap                                      : loaded 2 times (x 128B)
Class com.google.common.collect.Sets$1                                                : loaded 2 times (x 143B)
Class org.objectweb.asm.AnnotationVisitor                                             : loaded 2 times (x 80B)
Class org.gradle.api.internal.DefaultClassPathProvider                                : loaded 2 times (x 78B)
Class com.google.common.collect.Sets$2                                                : loaded 2 times (x 143B)
Class [Lorg.gradle.api.internal.ClassPathProvider;                                    : loaded 2 times (x 71B)
Class org.gradle.api.internal.ClassPathProvider                                       : loaded 2 times (x 72B)
Class [Lorg.objectweb.asm.AnnotationVisitor;                                          : loaded 2 times (x 71B)
Class com.google.common.collect.Sets$3                                                : loaded 2 times (x 143B)
Class com.google.common.cache.LocalCache$LocalLoadingCache                            : loaded 2 times (x 136B)
Class org.gradle.internal.service.UnknownServiceException                             : loaded 2 times (x 85B)
Class com.google.common.collect.Sets$4                                                : loaded 2 times (x 143B)
Class org.objectweb.asm.ModuleVisitor                                                 : loaded 2 times (x 83B)
Class com.google.common.cache.LocalCache$Strength$1                                   : loaded 2 times (x 83B)
Class com.google.common.util.concurrent.SettableFuture                                : loaded 2 times (x 116B)
Class com.google.common.cache.LocalCache$Strength$2                                   : loaded 2 times (x 83B)
Class com.google.common.cache.LocalCache$Strength$3                                   : loaded 2 times (x 83B)
Class com.google.common.collect.MapDifference                                         : loaded 2 times (x 72B)
Class org.objectweb.asm.FieldWriter                                                   : loaded 2 times (x 79B)
Class com.google.common.cache.CacheBuilder$NullListener                               : loaded 2 times (x 84B)
Class org.gradle.internal.classpath.TransformedClassPath                              : loaded 2 times (x 98B)
Class org.gradle.internal.classloader.InstrumentingClassLoader                        : loaded 2 times (x 72B)
Class com.google.common.collect.Iterators$ArrayItr                                    : loaded 2 times (x 99B)
Class com.google.common.cache.CacheLoader$FunctionToCacheLoader                       : loaded 2 times (x 77B)
Class com.google.common.collect.ImmutableCollection$Builder                           : loaded 2 times (x 78B)
Class com.google.common.base.Joiner                                                   : loaded 2 times (x 82B)
Class com.google.common.base.MoreObjects                                              : loaded 2 times (x 73B)
Class com.google.common.collect.Platform                                              : loaded 2 times (x 73B)
Class [Lorg.objectweb.asm.Type;                                                       : loaded 2 times (x 71B)
Class com.google.common.base.PairwiseEquivalence                                      : loaded 2 times (x 85B)
Class org.gradle.internal.service.ServiceLocator                                      : loaded 2 times (x 72B)
Class com.google.common.base.Ascii                                                    : loaded 2 times (x 73B)
Class com.google.common.collect.SingletonImmutableBiMap                               : loaded 2 times (x 145B)
Class com.google.common.collect.Iterators$SingletonIterator                           : loaded 2 times (x 83B)
Class com.google.common.cache.LocalCache$1                                            : loaded 2 times (x 91B)
Class com.google.common.collect.AbstractMapEntry                                      : loaded 2 times (x 83B)
Class ijKotlinCoroutineJvmDebugInit1_262pooy281xcr6kpmp34hbceh$_run_closure1          : loaded 2 times (x 140B)
Class com.google.common.collect.Sets$ImprovedAbstractSet                              : loaded 2 times (x 137B)
Class com.google.common.collect.ImmutableList$Builder                                 : loaded 2 times (x 79B)
Class com.google.common.collect.AbstractMultimap                                      : loaded 2 times (x 125B)
Class com.google.common.cache.LocalCache$2                                            : loaded 2 times (x 144B)
Class com.google.common.collect.RegularImmutableAsList                                : loaded 2 times (x 219B)
Class com.google.common.util.concurrent.AbstractFuture$Trusted                        : loaded 2 times (x 72B)
Class com.google.common.collect.Iterators                                             : loaded 2 times (x 73B)
Class com.google.common.collect.Lists$StringAsImmutableList                           : loaded 2 times (x 209B)
Class com.google.common.util.concurrent.UncheckedExecutionException                   : loaded 2 times (x 84B)
Class org.gradle.kotlin.dsl.VersionCatalogAccessorsKt                                 : loaded 2 times (x 73B)
Class com.google.common.collect.AbstractMapBasedMultimap$KeySet$1                     : loaded 2 times (x 84B)
Class org.objectweb.asm.ClassWriter                                                   : loaded 2 times (x 107B)
Class com.google.common.cache.CacheLoader$UnsupportedLoadingOperationException        : loaded 2 times (x 84B)
Class com.google.common.base.CharMatcher$And                                          : loaded 2 times (x 114B)
Class org.objectweb.asm.FieldVisitor                                                  : loaded 2 times (x 79B)
Class com.google.common.collect.IndexedImmutableSet                                   : loaded 2 times (x 154B)
Class com.google.common.collect.ImmutableMap$1                                        : loaded 2 times (x 83B)
Class com.google.common.collect.BiMap                                                 : loaded 2 times (x 72B)
Class org.gradle.api.internal.classpath.DefaultModuleRegistry$DefaultModule           : loaded 2 times (x 84B)
Class com.google.common.primitives.Ints                                               : loaded 2 times (x 73B)
Class com.google.common.collect.AbstractIterator                                      : loaded 2 times (x 84B)
Class com.google.common.collect.ObjectArrays                                          : loaded 2 times (x 73B)
Class com.google.common.math.MathPreconditions                                        : loaded 2 times (x 73B)
Class com.google.common.collect.Multiset                                              : loaded 2 times (x 72B)
Class com.google.common.collect.ArrayListMultimapGwtSerializationDependencies         : loaded 2 times (x 173B)
Class com.google.common.collect.AbstractIndexedListIterator                           : loaded 2 times (x 98B)
Class com.google.common.collect.ImmutableMapEntrySet                                  : loaded 2 times (x 154B)
Class org.gradle.api.internal.classpath.Module                                        : loaded 2 times (x 72B)
Class com.google.common.cache.Weigher                                                 : loaded 2 times (x 72B)
Class org.gradle.api.internal.classpath.UnknownModuleException                        : loaded 2 times (x 84B)
Class com.google.common.base.Stopwatch                                                : loaded 2 times (x 74B)
Class com.google.common.cache.LocalCache$Strength                                     : loaded 2 times (x 83B)
Class com.google.common.cache.Cache                                                   : loaded 2 times (x 72B)
Class com.google.common.util.concurrent.AbstractFuture$Cancellation                   : loaded 2 times (x 74B)
Class com.google.common.collect.ImmutableMap$Builder                                  : loaded 2 times (x 84B)
Class com.google.common.cache.RemovalListener                                         : loaded 2 times (x 72B)
Class org.gradle.api.internal.DefaultClassPathRegistry                                : loaded 2 times (x 78B)
Class com.google.common.primitives.IntsMethodsForWeb                                  : loaded 2 times (x 73B)
Class com.google.common.collect.Multimap                                              : loaded 2 times (x 72B)
Class org.gradle.internal.classpath.DefaultClassPath$ImmutableUniqueList              : loaded 2 times (x 201B)
Class org.gradle.api.internal.ClassPathRegistry                                       : loaded 2 times (x 72B)
Class com.google.common.collect.UnmodifiableIterator                                  : loaded 2 times (x 82B)
Class com.google.common.collect.SingletonImmutableList                                : loaded 2 times (x 209B)
Class com.google.common.cache.CacheBuilder                                            : loaded 2 times (x 74B)
Class Settings_gradle$1                                                               : loaded 2 times (x 76B)
Class org.gradle.internal.classpath.ClassPath                                         : loaded 2 times (x 72B)
Class com.google.common.base.JdkPattern                                               : loaded 2 times (x 77B)
Class com.google.common.collect.ImmutableList$ReverseImmutableList                    : loaded 2 times (x 211B)
Class org.objectweb.asm.SymbolTable$Entry                                             : loaded 2 times (x 75B)
Class org.gradle.api.internal.classpath.DefaultModuleRegistry$DefaultModuleAlias      : loaded 2 times (x 82B)
Class org.objectweb.asm.Edge                                                          : loaded 2 times (x 74B)
Class com.google.common.collect.Iterators$1                                           : loaded 2 times (x 83B)
Class com.google.common.base.Suppliers$SupplierOfInstance                             : loaded 2 times (x 81B)
Class com.google.common.collect.SingletonImmutableSet                                 : loaded 2 times (x 148B)
Class com.google.common.cache.LocalCache$ComputingValueReference                      : loaded 2 times (x 98B)
Class com.google.common.collect.ImmutableMap$IteratorBasedImmutableMap                : loaded 2 times (x 128B)
Class com.google.common.cache.LocalCache$Segment                                      : loaded 2 times (x 155B)
Class com.google.common.collect.AbstractListMultimap                                  : loaded 2 times (x 173B)
Class [Lorg.objectweb.asm.SymbolTable$Entry;                                          : loaded 2 times (x 71B)
Class com.google.common.collect.Iterators$4                                           : loaded 2 times (x 84B)
Class com.google.common.cache.CacheLoader                                             : loaded 2 times (x 76B)
Class com.google.common.collect.ImmutableBiMap                                        : loaded 2 times (x 145B)
Class ijJvmDebugger1_c69svupku1u04etejwkyjhig7$_run_closure1                          : loaded 2 times (x 140B)
Class org.gradle.api.internal.classpath.ModuleRegistry                                : loaded 2 times (x 72B)
Class org.gradle.internal.installation.GradleInstallation$1                           : loaded 2 times (x 77B)
Class com.google.common.collect.ImmutableSet$JdkBackedSetBuilderImpl                  : loaded 2 times (x 78B)
Class com.google.common.util.concurrent.internal.InternalFutureFailureAccess          : loaded 2 times (x 74B)
Class com.google.common.collect.Iterators$5                                           : loaded 2 times (x 84B)
Class com.google.common.cache.LocalCache$LocalManualCache$1                           : loaded 2 times (x 77B)
Class com.google.common.base.CharMatcher$ForPredicate                                 : loaded 2 times (x 114B)
Class com.google.common.base.CharMatcher$AnyOf                                        : loaded 2 times (x 114B)
Class com.google.common.collect.ImmutableCollection                                   : loaded 2 times (x 127B)
Class org.gradle.api.internal.classpath.DefaultModuleRegistry                         : loaded 2 times (x 86B)
Class com.google.common.collect.Lists                                                 : loaded 2 times (x 73B)
Class com.google.common.util.concurrent.ListenableFuture                              : loaded 2 times (x 72B)
Class com.google.common.cache.ReferenceEntry                                          : loaded 2 times (x 72B)
Class com.google.common.base.Converter                                                : loaded 2 times (x 92B)
Class com.google.common.collect.ImmutableSet$CachingAsList                            : loaded 2 times (x 150B)
Class com.google.common.collect.AbstractMapBasedMultimap                              : loaded 2 times (x 140B)
Class com.google.common.util.concurrent.AbstractFuture                                : loaded 2 times (x 108B)
Class com.google.common.collect.Iterators$9                                           : loaded 2 times (x 83B)
Class com.google.common.collect.ImmutableAsList                                       : loaded 2 times (x 211B)
Class com.google.common.base.FunctionalEquivalence                                    : loaded 2 times (x 85B)
Class org.objectweb.asm.RecordComponentVisitor                                        : loaded 2 times (x 79B)
Class com.google.common.cache.CacheLoader$SupplierToCacheLoader                       : loaded 2 times (x 77B)
Class org.gradle.internal.service.ServiceLookupException                              : loaded 2 times (x 84B)
Class [Lcom.google.common.cache.LocalCache$EntryFactory;                              : loaded 2 times (x 71B)
Class org.gradle.internal.classloader.ClassLoaderFactory                              : loaded 2 times (x 72B)
Class com.google.common.base.CommonPattern                                            : loaded 2 times (x 76B)
Class com.google.common.cache.LocalCache$LocalManualCache                             : loaded 2 times (x 101B)
Class com.google.common.base.CharMatcher$IsNot                                        : loaded 2 times (x 113B)
Class org.gradle.internal.service.CachingServiceLocator                               : loaded 2 times (x 84B)
Class com.google.common.collect.AbstractMapBasedMultimap$KeySet                       : loaded 2 times (x 139B)
Class com.google.common.math.IntMath                                                  : loaded 2 times (x 73B)
Class com.google.common.collect.ImmutableMapEntry                                     : loaded 2 times (x 87B)
Class com.google.common.base.Equivalence                                              : loaded 2 times (x 84B)
Class com.google.common.base.Function                                                 : loaded 2 times (x 72B)
Class com.google.common.collect.ImmutableMapEntry$NonTerminalImmutableMapEntry        : loaded 2 times (x 87B)
Class com.google.common.collect.RegularImmutableList                                  : loaded 2 times (x 215B)
Class com.google.common.cache.CacheBuilder$OneWeigher                                 : loaded 2 times (x 84B)
Class org.gradle.internal.classloader.ClasspathUtil                                   : loaded 2 times (x 73B)
Class com.google.common.util.concurrent.Uninterruptibles                              : loaded 2 times (x 73B)
Class com.google.common.util.concurrent.LazyLogger                                    : loaded 2 times (x 74B)
Class com.google.common.collect.Maps                                                  : loaded 2 times (x 73B)
Class org.gradle.api.specs.Spec                                                       : loaded 2 times (x 72B)
Class [Lcom.google.common.collect.ImmutableEntry;                                     : loaded 2 times (x 71B)
Class com.google.common.cache.LocalCache$LoadingValueReference                        : loaded 2 times (x 98B)
Class com.google.common.base.Platform                                                 : loaded 2 times (x 73B)
Class [Lorg.objectweb.asm.AnnotationWriter;                                           : loaded 2 times (x 71B)
Class com.google.common.collect.Maps$8                                                : loaded 2 times (x 84B)
Class com.google.common.collect.Sets$SetView                                          : loaded 2 times (x 141B)
Class com.google.common.cache.LocalCache$StrongValueReference                         : loaded 2 times (x 92B)
Class org.objectweb.asm.Type                                                          : loaded 2 times (x 74B)
Class org.gradle.internal.classloader.VisitableURLClassLoader$InstrumentingVisitableURLClassLoader: loaded 2 times (x 124B)
Class com.google.common.math.IntMath$1                                                : loaded 2 times (x 73B)
Class org.objectweb.asm.ByteVector                                                    : loaded 2 times (x 81B)
Class [Lcom.google.common.cache.CacheBuilder$NullListener;                            : loaded 2 times (x 71B)
Class org.gradle.internal.classloader.VisitableURLClassLoader$Spec                    : loaded 2 times (x 76B)
Class org.gradle.internal.classpath.DefaultClassPath                                  : loaded 2 times (x 92B)
Class org.objectweb.asm.Symbol                                                        : loaded 2 times (x 75B)
Class com.google.common.base.CharMatcher$BitSetMatcher                                : loaded 2 times (x 114B)
Class com.google.common.collect.RegularImmutableMap$Values                            : loaded 2 times (x 209B)
Class com.google.common.collect.ImmutableSet                                          : loaded 2 times (x 147B)
Class org.gradle.internal.classloader.ClassLoaderSpec                                 : loaded 2 times (x 73B)
Class org.objectweb.asm.AnnotationWriter                                              : loaded 2 times (x 80B)
Class com.google.common.cache.CacheStats                                              : loaded 2 times (x 73B)
Class ijJvmDebugger1_c69svupku1u04etejwkyjhig7$_run_closure1$_closure2                : loaded 2 times (x 141B)
Class org.objectweb.asm.RecordComponentWriter                                         : loaded 2 times (x 79B)
Class com.google.common.util.concurrent.AbstractFuture$Listener                       : loaded 2 times (x 74B)
Class com.google.common.base.CharMatcher$Or                                           : loaded 2 times (x 114B)
Class Settings_gradle$1$1                                                             : loaded 2 times (x 76B)
Class org.gradle.api.internal.classpath.Module$ModuleAlias                            : loaded 2 times (x 72B)
Class org.objectweb.asm.Attribute                                                     : loaded 2 times (x 79B)
Class com.google.common.base.Supplier                                                 : loaded 2 times (x 72B)
Class org.gradle.internal.classloader.VisitableURLClassLoader                         : loaded 2 times (x 118B)
Class Settings_gradle                                                                 : loaded 2 times (x 126B)
Class org.gradle.internal.Cast                                                        : loaded 2 times (x 73B)
Class org.gradle.api.Action                                                           : loaded 2 times (x 72B)
Class com.google.common.base.Strings                                                  : loaded 2 times (x 73B)
Class com.google.common.collect.Sets                                                  : loaded 2 times (x 73B)
Class org.objectweb.asm.Handler                                                       : loaded 2 times (x 74B)
Class com.google.common.base.Ticker                                                   : loaded 2 times (x 74B)
Class com.google.common.base.CharMatcher$FastMatcher                                  : loaded 2 times (x 113B)
Class [Lcom.google.common.cache.LocalCache$Segment;                                   : loaded 2 times (x 71B)
Class [Lcom.google.common.cache.LocalCache$Strength;                                  : loaded 2 times (x 71B)
Class com.google.common.cache.CacheBuilder$1                                          : loaded 2 times (x 87B)
Class com.google.common.base.Predicate                                                : loaded 2 times (x 72B)
Class com.google.common.collect.ImmutableMap                                          : loaded 2 times (x 122B)
Class org.gradle.internal.classpath.DefaultClassPath$ImmutableUniqueList$Builder      : loaded 2 times (x 77B)
Class com.google.common.cache.LocalCache                                              : loaded 2 times (x 188B)
Class com.google.common.cache.CacheBuilder$2                                          : loaded 2 times (x 81B)
Class com.google.common.base.CharMatcher$NegatedFastMatcher                           : loaded 2 times (x 115B)
Class com.google.common.collect.ArrayListMultimap                                     : loaded 2 times (x 173B)
Class com.google.common.cache.CacheBuilder$3                                          : loaded 2 times (x 74B)
Class [Lcom.google.common.collect.AbstractMapEntry;                                   : loaded 2 times (x 71B)
Class com.google.common.collect.ImmutableEntry                                        : loaded 2 times (x 84B)
Class org.gradle.api.GradleException                                                  : loaded 2 times (x 84B)
Class com.google.common.collect.CollectPreconditions                                  : loaded 2 times (x 73B)
Class com.google.common.collect.SortedMapDifference                                   : loaded 2 times (x 72B)
Class com.google.common.cache.LocalCache$EntryFactory                                 : loaded 2 times (x 85B)
Class com.google.common.cache.LocalCache$AbstractReferenceEntry                       : loaded 2 times (x 109B)
Class org.gradle.internal.IoActions                                                   : loaded 2 times (x 73B)
Class org.objectweb.asm.SymbolTable                                                   : loaded 2 times (x 74B)
Class com.google.common.collect.ImmutableSet$RegularSetBuilderImpl                    : loaded 2 times (x 78B)
Class com.google.common.cache.CacheLoader$InvalidCacheLoadException                   : loaded 2 times (x 84B)
Class com.google.common.cache.LocalCache$StrongEntry                                  : loaded 2 times (x 110B)
Class com.google.common.util.concurrent.AbstractFuture$TrustedFuture                  : loaded 2 times (x 116B)
Class com.google.common.cache.LoadingCache                                            : loaded 2 times (x 72B)
Class ijJvmDebugger1_c69svupku1u04etejwkyjhig7                                        : loaded 2 times (x 173B)
Class org.objectweb.asm.MethodWriter                                                  : loaded 2 times (x 107B)
Class [Lcom.google.common.cache.Weigher;                                              : loaded 2 times (x 71B)
Class com.google.common.collect.RegularImmutableMap$BucketOverflowException           : loaded 2 times (x 84B)
Class com.google.common.collect.RegularImmutableBiMap                                 : loaded 2 times (x 150B)
Class com.google.common.cache.LocalCache$ValueReference                               : loaded 2 times (x 72B)
Class com.google.common.base.CharMatcher$Is                                           : loaded 2 times (x 113B)
Class com.google.common.base.CharMatcher$Negated                                      : loaded 2 times (x 115B)
Class com.google.common.base.PatternCompiler                                          : loaded 2 times (x 72B)
Class com.google.common.util.concurrent.AbstractFuture$Failure                        : loaded 2 times (x 74B)
Class com.google.common.base.Equivalence$Equals                                       : loaded 2 times (x 84B)
Class com.google.common.collect.Hashing                                               : loaded 2 times (x 73B)
Class com.google.common.base.Preconditions                                            : loaded 2 times (x 73B)
Class com.google.common.base.Joiner$1                                                 : loaded 2 times (x 83B)
Class org.objectweb.asm.Label                                                         : loaded 2 times (x 75B)
Class org.objectweb.asm.CurrentFrame                                                  : loaded 2 times (x 75B)
Class org.objectweb.asm.ClassTooLargeException                                        : loaded 2 times (x 84B)
Class com.google.common.collect.PeekingIterator                                       : loaded 2 times (x 72B)
Class com.google.common.base.CharMatcher                                              : loaded 2 times (x 113B)
Class com.google.common.base.Joiner$2                                                 : loaded 2 times (x 82B)
Class org.objectweb.asm.Frame                                                         : loaded 2 times (x 75B)
Class org.objectweb.asm.MethodVisitor                                                 : loaded 2 times (x 107B)
Class com.google.common.cache.LocalCache$EntryFactory$1                               : loaded 2 times (x 85B)
Class [Lcom.google.common.cache.RemovalListener;                                      : loaded 2 times (x 71B)
Class com.google.common.base.CharMatcher$1                                            : loaded 2 times (x 115B)
Class com.google.common.base.CharMatcher$NamedFastMatcher                             : loaded 2 times (x 114B)
Class com.google.common.cache.LocalCache$EntryFactory$2                               : loaded 2 times (x 85B)
Class org.objectweb.asm.ModuleWriter                                                  : loaded 2 times (x 83B)
Class com.google.common.cache.LocalCache$EntryFactory$3                               : loaded 2 times (x 85B)
Class com.google.common.base.Ticker$1                                                 : loaded 2 times (x 74B)
Class com.google.common.collect.Maps$BiMapConverter                                   : loaded 2 times (x 92B)
Class com.google.common.collect.ImmutableMapEntrySet$RegularEntrySet                  : loaded 2 times (x 154B)
Class com.google.common.collect.ImmutableSet$Builder                                  : loaded 2 times (x 87B)
Class com.google.common.cache.LocalCache$EntryFactory$4                               : loaded 2 times (x 85B)
Class com.google.common.base.CharMatcher$InRange                                      : loaded 2 times (x 113B)
Class com.google.common.cache.LocalCache$EntryFactory$5                               : loaded 2 times (x 85B)
Class com.google.common.base.Equivalence$Identity                                     : loaded 2 times (x 84B)
Class com.google.common.cache.LocalCache$EntryFactory$6                               : loaded 2 times (x 85B)
Class org.gradle.internal.installation.CurrentGradleInstallationLocator               : loaded 2 times (x 73B)
Class com.google.common.collect.Maps$KeySet                                           : loaded 2 times (x 139B)
Class com.google.common.collect.ImmutableSet$EmptySetBuilderImpl                      : loaded 2 times (x 78B)
Class com.google.common.cache.LocalCache$EntryFactory$7                               : loaded 2 times (x 85B)
Class com.google.common.collect.ImmutableList                                         : loaded 2 times (x 208B)
Class org.gradle.internal.service.DefaultServiceLocator                               : loaded 2 times (x 85B)
Class com.google.common.collect.ImmutableSet$SetBuilderImpl                           : loaded 2 times (x 78B)
Class com.google.common.cache.LocalCache$EntryFactory$8                               : loaded 2 times (x 85B)
Class org.gradle.internal.installation.CurrentGradleInstallation                      : loaded 2 times (x 75B)
Class com.google.common.collect.ImmutableList$SubList                                 : loaded 2 times (x 211B)
Class com.google.common.cache.CacheLoader$1                                           : loaded 2 times (x 77B)
Class org.gradle.util.internal.GUtil                                                  : loaded 2 times (x 73B)
Class com.google.common.cache.AbstractCache$StatsCounter                              : loaded 2 times (x 72B)
Class com.google.common.collect.Iterators$MergingIterator                             : loaded 2 times (x 83B)
Class com.google.common.collect.RegularImmutableSet                                   : loaded 2 times (x 150B)
Class ijKotlinCoroutineJvmDebugInit1_262pooy281xcr6kpmp34hbceh$_run_closure1$_closure2: loaded 2 times (x 140B)
Class org.gradle.internal.installation.GradleInstallation                             : loaded 2 times (x 77B)
Class com.google.common.collect.Iterables                                             : loaded 2 times (x 73B)
Class ijKotlinCoroutineJvmDebugInit1_262pooy281xcr6kpmp34hbceh                        : loaded 2 times (x 173B)

---------------  S Y S T E M  ---------------

OS:
 Windows 11 , 64 bit Build 26100 (10.0.26100.9168)
OS uptime: 17 days 2:39 hours
Hyper-V role detected

CPU: total 12 (initial active 12) (6 cores per cpu, 2 threads per core) family 6 model 186 stepping 3 microcode 0x6134, cx8, cmov, fxsr, ht, mmx, 3dnowpref, sse, sse2, sse3, ssse3, sse4.1, sse4.2, popcnt, lzcnt, tsc, tscinvbit, avx, avx2, aes, erms, clmul, bmi1, bmi2, adx, sha, fma, vzeroupper, clflush, clflushopt, clwb, hv, serialize, rdtscp, rdpid, fsrm, gfni, f16c, cet_ibt, cet_ss
Processor Information for processor 0
  Max Mhz: 1600, Current Mhz: 1600, Mhz Limit: 1600
Processor Information for processor 1
  Max Mhz: 1600, Current Mhz: 1600, Mhz Limit: 1600
Processor Information for processor 2
  Max Mhz: 1600, Current Mhz: 1600, Mhz Limit: 1600
Processor Information for processor 3
  Max Mhz: 1600, Current Mhz: 1600, Mhz Limit: 1600
Processor Information for processor 4
  Max Mhz: 1600, Current Mhz: 1600, Mhz Limit: 1600
Processor Information for processor 5
  Max Mhz: 1600, Current Mhz: 1600, Mhz Limit: 1600
Processor Information for processor 6
  Max Mhz: 1600, Current Mhz: 1600, Mhz Limit: 1600
Processor Information for processor 7
  Max Mhz: 1600, Current Mhz: 1600, Mhz Limit: 1600
Processor Information for processor 8
  Max Mhz: 1600, Current Mhz: 1600, Mhz Limit: 1600
Processor Information for processor 9
  Max Mhz: 1600, Current Mhz: 1466, Mhz Limit: 1600
Processor Information for processor 10
  Max Mhz: 1600, Current Mhz: 1600, Mhz Limit: 1600
Processor Information for processor 11
  Max Mhz: 1600, Current Mhz: 1600, Mhz Limit: 1600

Memory: 4k page, system-wide physical 16016M (811M free)
TotalPageFile size 16016M (AvailPageFile size 15M)
current process WorkingSet (physical memory assigned to process): 437M, peak: 437M
current process commit charge ("private bytes"): 477M, peak: 483M

vm_info: OpenJDK 64-Bit Server VM (25.0.2+-15348964-b329.117) for windows-amd64 JRE (25.0.2+-15348964-b329.117), built on 2026-05-05T18:25:19Z with MS VC++ 16.10 / 16.11 (VS2019)

END.
